"I0","method","scenario","rel_error","Bias","RMSE","Coverage","CIWidth","rel_pct"
"I0 = 2000","EpiEstim","SI mean misspecified (SD fixed)",0.4,0.0190607450512991,0.159376463287296,0.768791666666667,0.419515830986026,40
"I0 = 2000","EpiEstim","SI mean misspecified (SD fixed)",0.6,0.0295737047542859,0.199706768032078,0.6735,0.421009924676978,60
"I0 = 2000","EpiEstim","SI mean misspecified (SD fixed)",-0.6,0.00308910146695012,0.187765194214151,0.684458333333333,0.418865708552066,-60
"I0 = 2000","EpiEstim","SI mean misspecified (SD fixed)",-0.4,0.00170135406603769,0.157919586338297,0.766875,0.417815363772538,-40
"I0 = 2000","EpiEstim","SI mean misspecified (SD fixed)",-0.2,0.00246351180548512,0.127520285889263,0.887458333333333,0.417464002873875,-20
"I0 = 2000","EpiEstim","SI SD misspecified (mean fixed)",-0.6,0.0135290964650436,0.142927942987053,0.856375,0.421885741802407,-60
"I0 = 2000","EpiEstim","SI SD misspecified (mean fixed)",-0.4,0.00951603114140276,0.123477738352878,0.920541666666667,0.41986476990072,-40
"I0 = 2000","EpiEstim","SI SD misspecified (mean fixed)",-0.2,0.0072924841490866,0.116741431539645,0.944083333333333,0.418702447439842,-20
"I0 = 2000","EpiEstim","SI SD misspecified (mean fixed)",0,0.00534458591525841,0.115028148606996,0.951125,0.417666544364965,0
"I0 = 2000","EpiEstim","SI mean misspecified (SD fixed)",0,0.00534458591525841,0.115028148606996,0.951125,0.417666544364965,0
"I0 = 2000","EpiEstim","SI SD misspecified (mean fixed)",0.2,0.00332323064791566,0.11567133946267,0.946375,0.416603074997445,20
"I0 = 2000","EpiEstim","SI SD misspecified (mean fixed)",0.4,0.00128145730375895,0.117637773305039,0.935291666666667,0.415546896764466,40
"I0 = 2000","EpiEstim","SI SD misspecified (mean fixed)",0.6,-0.000597317249211291,0.120360990222039,0.9215,0.414584996330052,60
"I0 = 2000","EpiEstim","SI mean misspecified (SD fixed)",0.2,0.0108507286274654,0.12830489267853,0.887916666666667,0.418361508426695,20
"I0 = 2000","EpiLPS (MAP)","SI mean misspecified (SD fixed)",-0.6,-0.00435370620543659,0.12117301201647,0.357666666666667,0.115099883870643,-60
"I0 = 2000","EpiLPS (MAP)","SI mean misspecified (SD fixed)",-0.4,-0.00542625915725418,0.103752628585155,0.515208333333333,0.143501177296562,-40
"I0 = 2000","EpiLPS (MAP)","SI mean misspecified (SD fixed)",-0.2,-0.00627269528401538,0.0832532896903696,0.753916666666667,0.183482647430999,-20
"I0 = 2000","EpiLPS (MAP)","SI mean misspecified (SD fixed)",0,-0.00558850062838567,0.076352066079188,0.879666666666667,0.22427406102844,0
"I0 = 2000","EpiLPS (MAP)","SI mean misspecified (SD fixed)",0.2,-0.00321453839848094,0.0898495214775399,0.857166666666667,0.262350718432879,20
"I0 = 2000","EpiLPS (MAP)","SI mean misspecified (SD fixed)",0.4,0.00107565176935383,0.118186657682682,0.770333333333333,0.297443742047874,40
"I0 = 2000","EpiLPS (MAP)","SI mean misspecified (SD fixed)",0.6,0.00785495360974186,0.156035912110215,0.67675,0.329849000331566,60
"I0 = 2000","EpiLPS (MAP)","SI SD misspecified (mean fixed)",-0.6,-0.00198913086656946,0.0765826096549456,0.90475,0.242780216872553,-60
"I0 = 2000","EpiLPS (MAP)","SI SD misspecified (mean fixed)",-0.4,-0.00296600930117736,0.0764659047303432,0.899125,0.238098130482891,-40
"I0 = 2000","EpiLPS (MAP)","SI SD misspecified (mean fixed)",-0.2,-0.0041837787555154,0.0763067051202087,0.890708333333333,0.231826022086207,-20
"I0 = 2000","EpiLPS (MAP)","SI SD misspecified (mean fixed)",0,-0.00558850062838567,0.076352066079188,0.879666666666667,0.22427406102844,0
"I0 = 2000","EpiLPS (MAP)","SI SD misspecified (mean fixed)",0.2,-0.00716002708289358,0.0768465311970154,0.862416666666667,0.215927344757575,20
"I0 = 2000","EpiLPS (MAP)","SI SD misspecified (mean fixed)",0.4,-0.00879480054070715,0.0778383945796543,0.840208333333333,0.207518115933339,40
"I0 = 2000","EpiLPS (MAP)","SI SD misspecified (mean fixed)",0.6,-0.0103453521951801,0.0791874970485649,0.815291666666667,0.199757109514329,60
"I0 = 2000","EpiFilter","SI mean misspecified (SD fixed)",-0.6,-0.00369958333333333,0.143344616803934,0.636333333333333,0.259145416666667,-60
"I0 = 2000","EpiFilter","SI mean misspecified (SD fixed)",-0.4,-0.00308166666666666,0.117894444313547,0.7185,0.259090833333333,-40
"I0 = 2000","EpiFilter","SI mean misspecified (SD fixed)",-0.2,-0.00138833333333333,0.0866803514836744,0.860958333333333,0.25899625,-20
"I0 = 2000","EpiFilter","SI mean misspecified (SD fixed)",0,0.00190208333333334,0.0734235713741393,0.939083333333333,0.259036666666667,0
"I0 = 2000","EpiFilter","SI mean misspecified (SD fixed)",0.2,0.00741875000000001,0.0921041756201458,0.839416666666667,0.259292916666667,20
"I0 = 2000","EpiFilter","SI mean misspecified (SD fixed)",0.4,0.01584625,0.132360445375497,0.703916666666667,0.2598025,40
"I0 = 2000","EpiFilter","SI mean misspecified (SD fixed)",0.6,0.02765125,0.184860904916823,0.586375,0.26064625,60
"I0 = 2000","EpiFilter","SI SD misspecified (mean fixed)",-0.6,0.00751083333333334,0.0887009019119873,0.846375,0.260400833333333,-60
"I0 = 2000","EpiFilter","SI SD misspecified (mean fixed)",-0.4,0.00562500000000001,0.0795171889174494,0.899583333333333,0.25990375,-40
"I0 = 2000","EpiFilter","SI SD misspecified (mean fixed)",-0.2,0.00382500000000001,0.0749978333020361,0.927625,0.259490416666667,-20
"I0 = 2000","EpiFilter","SI SD misspecified (mean fixed)",0,0.00190208333333334,0.0734235713741393,0.939083333333333,0.259036666666667,0
"I0 = 2000","EpiFilter","SI SD misspecified (mean fixed)",0.2,-0.00019833333333333,0.0739375862918629,0.935041666666667,0.25854875,20
"I0 = 2000","EpiFilter","SI SD misspecified (mean fixed)",0.4,-0.00235166666666666,0.075985579772305,0.922708333333333,0.258030416666667,40
"I0 = 2000","EpiFilter","SI SD misspecified (mean fixed)",0.6,-0.00433458333333333,0.0788683238062024,0.904791666666667,0.257550833333333,60
"I0 = 500","EpiEstim","SI mean misspecified (SD fixed)",0.4,0.0368756495498806,0.271207658119387,0.885958333333333,0.875874952039721,40
"I0 = 500","EpiEstim","SI mean misspecified (SD fixed)",0.6,0.0470154560047754,0.300629350079354,0.826708333333333,0.878634573106031,60
"I0 = 500","EpiEstim","SI mean misspecified (SD fixed)",-0.6,0.0286556595394613,0.297369757542787,0.837708333333333,0.880540202266471,-60
"I0 = 500","EpiEstim","SI mean misspecified (SD fixed)",-0.4,0.0240892419341481,0.270167804826692,0.887083333333333,0.875572351297234,-40
"I0 = 500","EpiEstim","SI mean misspecified (SD fixed)",-0.2,0.022776925789502,0.248806104038397,0.933666666666667,0.87335681219039,-20
"I0 = 500","EpiEstim","SI SD misspecified (mean fixed)",-0.6,0.0358453464350116,0.26775553829391,0.918291666666667,0.885591427913147,-60
"I0 = 500","EpiEstim","SI SD misspecified (mean fixed)",-0.4,0.0296867528806566,0.249863774883272,0.941083333333333,0.878974611627941,-40
"I0 = 500","EpiEstim","SI SD misspecified (mean fixed)",-0.2,0.026692173722205,0.243879243450456,0.94975,0.875608768111929,-20
"I0 = 500","EpiEstim","SI SD misspecified (mean fixed)",0,0.0244002536615014,0.241857716001448,0.951666666666667,0.872963406968583,0
"I0 = 500","EpiEstim","SI mean misspecified (SD fixed)",0,0.0244002536615014,0.241857716001448,0.951666666666667,0.872963406968583,0
"I0 = 500","EpiEstim","SI SD misspecified (mean fixed)",0.2,0.0222181766275869,0.241542429032783,0.950416666666667,0.87046157650283,20
"I0 = 500","EpiEstim","SI SD misspecified (mean fixed)",0.4,0.0201228151862416,0.242197652801579,0.947625,0.868097597513889,40
"I0 = 500","EpiEstim","SI SD misspecified (mean fixed)",0.6,0.0182717417477083,0.243500320384176,0.943916666666667,0.866028362559374,60
"I0 = 500","EpiEstim","SI mean misspecified (SD fixed)",0.2,0.0291414207417966,0.250411451008352,0.933708333333333,0.873869902157364,20
"I0 = 500","EpiLPS (MAP)","SI mean misspecified (SD fixed)",-0.6,-0.00798298561742598,0.124511241613054,0.253458333333333,0.0756175250858282,-60
"I0 = 500","EpiLPS (MAP)","SI mean misspecified (SD fixed)",-0.4,-0.00980156969583803,0.10923549082569,0.35075,0.0942197473214379,-40
"I0 = 500","EpiLPS (MAP)","SI mean misspecified (SD fixed)",-0.2,-0.0118047041513814,0.0934250774614853,0.494666666666667,0.120553449783834,-20
"I0 = 500","EpiLPS (MAP)","SI mean misspecified (SD fixed)",0,-0.0123589503441786,0.0917538416283635,0.587958333333333,0.147442882138149,0
"I0 = 500","EpiLPS (MAP)","SI mean misspecified (SD fixed)",0.2,-0.0112191238101793,0.107441318742009,0.562541666666667,0.172494692945288,20
"I0 = 500","EpiLPS (MAP)","SI mean misspecified (SD fixed)",0.4,-0.00815658780629125,0.13551904333969,0.488583333333333,0.195424389720151,40
"I0 = 500","EpiLPS (MAP)","SI mean misspecified (SD fixed)",0.6,-0.00260969094084764,0.172164928493748,0.4285,0.216238592394143,60
"I0 = 500","EpiLPS (MAP)","SI SD misspecified (mean fixed)",-0.6,-0.00854326272645196,0.0920679799885849,0.61725,0.158513103040824,-60
"I0 = 500","EpiLPS (MAP)","SI SD misspecified (mean fixed)",-0.4,-0.00957371427509903,0.0919541893657973,0.610041666666667,0.155733564884339,-40
"I0 = 500","EpiLPS (MAP)","SI SD misspecified (mean fixed)",-0.2,-0.0108644607145616,0.0917809287727389,0.601208333333333,0.151987607062587,-20
"I0 = 500","EpiLPS (MAP)","SI SD misspecified (mean fixed)",0,-0.0123589503441786,0.0917538416283635,0.587958333333333,0.147442882138149,0
"I0 = 500","EpiLPS (MAP)","SI SD misspecified (mean fixed)",0.2,-0.0140316521240622,0.0920894926066433,0.570458333333333,0.142379537649776,20
"I0 = 500","EpiLPS (MAP)","SI SD misspecified (mean fixed)",0.4,-0.015768696265591,0.0928421947077426,0.54725,0.137247923070985,40
"I0 = 500","EpiLPS (MAP)","SI SD misspecified (mean fixed)",0.6,-0.0174122881868443,0.0939059221058597,0.527416666666667,0.132497486777352,60
"I0 = 500","EpiFilter","SI mean misspecified (SD fixed)",-0.6,0.000211250000000007,0.156533795605507,0.767,0.389031666666667,-60
"I0 = 500","EpiFilter","SI mean misspecified (SD fixed)",-0.4,0.000661250000000011,0.137195830233041,0.828208333333333,0.388782083333333,-40
"I0 = 500","EpiFilter","SI mean misspecified (SD fixed)",-0.2,0.00232291666666667,0.116456018164227,0.8965,0.388633333333333,-20
"I0 = 500","EpiFilter","SI mean misspecified (SD fixed)",0,0.00569791666666667,0.111404798669836,0.91575,0.388632083333333,0
"I0 = 500","EpiFilter","SI mean misspecified (SD fixed)",0.2,0.0113479166666667,0.127629591004594,0.873083333333333,0.388930416666667,20
"I0 = 500","EpiFilter","SI mean misspecified (SD fixed)",0.4,0.0199033333333333,0.161701010097855,0.787208333333333,0.389641666666667,40
"I0 = 500","EpiFilter","SI mean misspecified (SD fixed)",0.6,0.0319583333333333,0.209854691790931,0.700208333333333,0.390904583333333,60
"I0 = 500","EpiFilter","SI SD misspecified (mean fixed)",-0.6,0.011715,0.119510041419121,0.88475,0.39067875,-60
"I0 = 500","EpiFilter","SI SD misspecified (mean fixed)",-0.4,0.00975791666666667,0.114968890719765,0.903416666666667,0.38999375,-40
"I0 = 500","EpiFilter","SI SD misspecified (mean fixed)",-0.2,0.00785166666666667,0.112471774236917,0.912666666666667,0.389295416666667,-20
"I0 = 500","EpiFilter","SI SD misspecified (mean fixed)",0,0.00569791666666667,0.111404798669836,0.91575,0.388632083333333,0
"I0 = 500","EpiFilter","SI SD misspecified (mean fixed)",0.2,0.00346458333333334,0.111357476174705,0.91575,0.38785375,20
"I0 = 500","EpiFilter","SI SD misspecified (mean fixed)",0.4,0.00125,0.112193062768307,0.910708333333333,0.38712875,40
"I0 = 500","EpiFilter","SI SD misspecified (mean fixed)",0.6,-0.000824166666666662,0.113532337537226,0.903833333333333,0.386397083333333,60
