"eta","arm","n_replicates","n_failed","Coverage95","MCSE_Coverage","MeanCIWidth","Bias","MSE","RMSE","half_over_sd","days_bias_exceeds_half","pct_bias_exceeds_half"
0.05,"smoother",100,0,0.733166666666667,0.00210795218204677,0.191188333333333,-6.41666666666611e-05,0.0079904,0.0893890373591751,2.6245899642051,60,25
0.05,"filter",100,0,0.808375,0.00260813754495868,0.24234875,-0.00395499999999999,0.009033075,0.0950424904976716,2.46240071832345,33,13.75
0.1,"smoother",100,0,0.939458333333333,0.00153802235567447,0.259051666666667,0.00204625,0.0053819875,0.07336203036994,2.51946056229275,1,0.416666666666667
0.1,"filter",100,0,0.948958333333333,0.00155832072952645,0.307665,0.00100291666666667,0.00703890416666667,0.0838981773739255,2.32571864925648,0,0
0.2,"smoother",100,0,0.974166666666667,0.00107582870727984,0.32863875,0.00201541666666667,0.00622909583333333,0.0789246212112122,2.31243462864463,0,0
0.2,"filter",100,0,0.968375,0.00117118982494752,0.36225125,0.00321875000000001,0.00844017083333333,0.0918704023792937,2.16144428999411,0,0
0.35,"smoother",100,0,0.970958333333333,0.000937240424221346,0.3704625,-0.000145416666666662,0.00864617083333333,0.0929847881824405,2.14179431472882,0,0
0.35,"filter",100,0,0.965125,0.00106872270017837,0.389295,0.00285291666666667,0.0104207625,0.102082136047401,2.05932833078442,0,0
0.5,"smoother",100,0,0.966333333333333,0.00109149348357714,0.387050416666667,-0.00186083333333333,0.010183775,0.100914691695511,2.06381665087266,0,0
0.5,"filter",100,0,0.962541666666667,0.00111504197351203,0.3987625,0.00219125,0.0114170375,0.106850538136221,2.01675313757373,0,0
