"estimator","data_model","subscenario","true_rt","T","I0","transition_duration","n_sim_used","representative_sim","t_start","t_end","true_R","mean_est","mean_lower","mean_upper","mc_lower","mc_upper","coverage","n_used"
"EpiEstim","poisson","gradual20_1.1_to_1.3","1.1 → 1.3",100,2000,"20",100,33,2,2,1.1,NA,NA,NA,NA,NA,NA,0
"EpiEstim","poisson","gradual20_1.1_to_1.3","1.1 → 1.3",100,2000,"20",100,33,3,3,1.1,NA,NA,NA,NA,NA,NA,0
"EpiEstim","poisson","gradual20_1.1_to_1.3","1.1 → 1.3",100,2000,"20",100,33,4,4,1.1,NA,NA,NA,NA,NA,NA,0
"EpiEstim","poisson","gradual20_1.1_to_1.3","1.1 → 1.3",100,2000,"20",100,33,5,5,1.1,NA,NA,NA,NA,NA,NA,0
"EpiEstim","poisson","gradual20_1.1_to_1.3","1.1 → 1.3",100,2000,"20",100,33,6,6,1.1,NA,NA,NA,NA,NA,NA,0
"EpiEstim","poisson","gradual20_1.1_to_1.3","1.1 → 1.3",100,2000,"20",100,33,7,7,1.1,NA,NA,NA,NA,NA,NA,0
"EpiEstim","poisson","gradual20_1.1_to_1.3","1.1 → 1.3",100,2000,"20",100,33,8,8,1.1,1.10213346493927,0.984843527761343,1.22839557196394,0.990712940612301,1.24041001816765,0.93,100
"EpiEstim","poisson","gradual20_1.1_to_1.3","1.1 → 1.3",100,2000,"20",100,33,9,9,1.1,1.09892870917795,0.981239691213243,1.22567996008571,1.00455499867401,1.22677753292167,0.97,100
"EpiEstim","poisson","gradual20_1.1_to_1.3","1.1 → 1.3",100,2000,"20",100,33,10,10,1.1,1.09502750703763,0.977107900482796,1.22208224568395,0.992163916861773,1.25140917004677,0.94,100
"EpiEstim","poisson","gradual20_1.1_to_1.3","1.1 → 1.3",100,2000,"20",100,33,11,11,1.1,1.10326015639045,0.984953826238987,1.23068873554427,0.984148867633304,1.19630329039586,0.97,100
"EpiEstim","poisson","gradual20_1.1_to_1.3","1.1 → 1.3",100,2000,"20",100,33,12,12,1.1,1.10655179523798,0.988608014954979,1.23353320207637,0.9725827762871,1.22246633624291,0.94,100
"EpiEstim","poisson","gradual20_1.1_to_1.3","1.1 → 1.3",100,2000,"20",100,33,13,13,1.1,1.10752201550159,0.990271353628983,1.23369052401527,0.994943450220486,1.2179817856164,0.97,100
"EpiEstim","poisson","gradual20_1.1_to_1.3","1.1 → 1.3",100,2000,"20",100,33,14,14,1.1,1.10895601888615,0.992450814631543,1.23425027514858,0.994970534204503,1.24898415005594,0.94,100
"EpiEstim","poisson","gradual20_1.1_to_1.3","1.1 → 1.3",100,2000,"20",100,33,15,15,1.1,1.10328347324167,0.987895018657217,1.22733502767579,0.989870370481136,1.22236729853852,0.95,100
"EpiEstim","poisson","gradual20_1.1_to_1.3","1.1 → 1.3",100,2000,"20",100,33,16,16,1.1,1.09173150749907,0.97773283076921,1.21427289054926,0.997460162690161,1.19964318572521,0.97,100
"EpiEstim","poisson","gradual20_1.1_to_1.3","1.1 → 1.3",100,2000,"20",100,33,17,17,1.1,1.10797242479199,0.993846023084128,1.2305264370663,0.994308188681376,1.2192925250276,0.95,100
"EpiEstim","poisson","gradual20_1.1_to_1.3","1.1 → 1.3",100,2000,"20",100,33,18,18,1.1,1.10782274323767,0.994425511857097,1.22953851832018,0.994614685642325,1.21652464922076,0.96,100
"EpiEstim","poisson","gradual20_1.1_to_1.3","1.1 → 1.3",100,2000,"20",100,33,19,19,1.1,1.09589521305059,0.983822824869842,1.21618164595906,0.962416767393027,1.22661527683956,0.91,100
"EpiEstim","poisson","gradual20_1.1_to_1.3","1.1 → 1.3",100,2000,"20",100,33,20,20,1.1,1.09492620649508,0.983589731674687,1.2143725513553,0.975586265656649,1.21170974072053,0.95,100
"EpiEstim","poisson","gradual20_1.1_to_1.3","1.1 → 1.3",100,2000,"20",100,33,21,21,1.1,1.09654619896392,0.985804597968047,1.21529371024766,0.987276839064757,1.20042278069183,0.96,100
"EpiEstim","poisson","gradual20_1.1_to_1.3","1.1 → 1.3",100,2000,"20",100,33,22,22,1.1,1.09748203672261,0.987371962560625,1.21549701902561,0.98496438196816,1.18681071100981,0.96,100
"EpiEstim","poisson","gradual20_1.1_to_1.3","1.1 → 1.3",100,2000,"20",100,33,23,23,1.1,1.1020514665387,0.992353758583066,1.21955683123242,1.01396544986981,1.20782874710212,0.97,100
"EpiEstim","poisson","gradual20_1.1_to_1.3","1.1 → 1.3",100,2000,"20",100,33,24,24,1.1,1.10794460855529,0.998598862417367,1.22500331058823,1.01077556481209,1.19629795103042,0.96,100
"EpiEstim","poisson","gradual20_1.1_to_1.3","1.1 → 1.3",100,2000,"20",100,33,25,25,1.1,1.09778056391645,0.989603399627327,1.21357658518083,0.992888268098947,1.21727976584171,0.93,100
"EpiEstim","poisson","gradual20_1.1_to_1.3","1.1 → 1.3",100,2000,"20",100,33,26,26,1.1,1.10825965212738,1.00021096450033,1.22383174465562,0.99858830434654,1.22852061965731,0.94,100
"EpiEstim","poisson","gradual20_1.1_to_1.3","1.1 → 1.3",100,2000,"20",100,33,27,27,1.1,1.09520280457799,0.988471690159691,1.20936084214707,0.993416637342317,1.19509271118654,0.96,100
"EpiEstim","poisson","gradual20_1.1_to_1.3","1.1 → 1.3",100,2000,"20",100,33,28,28,1.1,1.09836365654898,0.99214021720134,1.21191793118393,1.01813631970107,1.21215242697831,0.96,100
"EpiEstim","poisson","gradual20_1.1_to_1.3","1.1 → 1.3",100,2000,"20",100,33,29,29,1.1,1.10820930542803,1.0021755159041,1.22147923768058,0.992691420123563,1.20828785445763,0.94,100
"EpiEstim","poisson","gradual20_1.1_to_1.3","1.1 → 1.3",100,2000,"20",100,33,30,30,1.1,1.10364888261911,0.998487903959324,1.21595422925142,1.00785911591721,1.20696336186579,0.96,100
"EpiEstim","poisson","gradual20_1.1_to_1.3","1.1 → 1.3",100,2000,"20",100,33,31,31,1.1,1.11117036439366,1.00628219012255,1.2231127042505,1.00975539920445,1.21164755780395,0.94,100
"EpiEstim","poisson","gradual20_1.1_to_1.3","1.1 → 1.3",100,2000,"20",100,33,32,32,1.1,1.09416039564248,0.990753727089584,1.20453068264506,0.992872847645718,1.19206995833415,0.95,100
"EpiEstim","poisson","gradual20_1.1_to_1.3","1.1 → 1.3",100,2000,"20",100,33,33,33,1.1,1.10343989412824,1.00022977500723,1.21352234626046,1.01020723844953,1.19103312080418,0.98,100
"EpiEstim","poisson","gradual20_1.1_to_1.3","1.1 → 1.3",100,2000,"20",100,33,34,34,1.1,1.09982046236891,0.997448769298264,1.20897387572118,1.01616914645965,1.19902184233487,0.97,100
"EpiEstim","poisson","gradual20_1.1_to_1.3","1.1 → 1.3",100,2000,"20",100,33,35,35,1.1,1.09555413554908,0.994036401169289,1.20376572557369,1.00962511394061,1.19699206234779,0.96,100
"EpiEstim","poisson","gradual20_1.1_to_1.3","1.1 → 1.3",100,2000,"20",100,33,36,36,1.1,1.09969975582819,0.998609055026557,1.20739884947871,1.01418113970645,1.17862544237615,0.98,100
"EpiEstim","poisson","gradual20_1.1_to_1.3","1.1 → 1.3",100,2000,"20",100,33,37,37,1.1,1.09330191286201,0.993130029947134,1.19999909408513,1.00717146281631,1.19003116049937,0.97,100
"EpiEstim","poisson","gradual20_1.1_to_1.3","1.1 → 1.3",100,2000,"20",100,33,38,38,1.1,1.10877949008859,1.00848950551534,1.21551394215711,1.01785025364972,1.185486109724,0.97,100
"EpiEstim","poisson","gradual20_1.1_to_1.3","1.1 → 1.3",100,2000,"20",100,33,39,39,1.1,1.10971086833539,1.00998416941314,1.21580300174331,1.01250409488104,1.21656773522569,0.93,100
"EpiEstim","poisson","gradual20_1.1_to_1.3","1.1 → 1.3",100,2000,"20",100,33,40,40,1.1,1.1022569055724,1.00346274682476,1.20733793301637,1.00594436451565,1.19042987397317,0.98,100
"EpiEstim","poisson","gradual20_1.1_to_1.3","1.1 → 1.3",100,2000,"20",100,33,41,41,1.1,1.10201924146112,1.00385553499454,1.20638943730892,0.996324458461572,1.20523895596388,0.92,100
"EpiEstim","poisson","gradual20_1.1_to_1.3","1.1 → 1.3",100,2000,"20",100,33,42,42,1.1,1.10127747483602,1.00377069693598,1.20490903847536,0.992919421278017,1.19756750912887,0.95,100
"EpiEstim","poisson","gradual20_1.1_to_1.3","1.1 → 1.3",100,2000,"20",100,33,43,43,1.1,1.09697211795403,1.00029459585688,1.19969351749789,1.02180236479118,1.20454388760107,0.96,100
"EpiEstim","poisson","gradual20_1.1_to_1.3","1.1 → 1.3",100,2000,"20",100,33,44,44,1.1,1.11119144760956,1.01448699124515,1.21386086967997,1.02693376817597,1.23061748244628,0.94,100
"EpiEstim","poisson","gradual20_1.1_to_1.3","1.1 → 1.3",100,2000,"20",100,33,45,45,1.1,1.09830881653774,1.00278514401606,1.19972095215214,1.01987834143607,1.19694309661564,0.96,100
"EpiEstim","poisson","gradual20_1.1_to_1.3","1.1 → 1.3",100,2000,"20",100,33,46,46,1.1,1.0934010044733,0.99867774580253,1.19393752863611,1.00029324872639,1.1994380795997,0.93,100
"EpiEstim","poisson","gradual20_1.1_to_1.3","1.1 → 1.3",100,2000,"20",100,33,47,47,1.1,1.09592119618011,1.00169501507511,1.1958857577107,0.998910902524265,1.1935838676745,0.95,100
"EpiEstim","poisson","gradual20_1.1_to_1.3","1.1 → 1.3",100,2000,"20",100,33,48,48,1.1,1.09966978653688,1.00585720457131,1.19914777950502,1.00279368388594,1.19556510217164,0.95,100
"EpiEstim","poisson","gradual20_1.1_to_1.3","1.1 → 1.3",100,2000,"20",100,33,49,49,1.1,1.09765222024168,1.00449594581609,1.19640374315167,1.0059585628705,1.1936248337429,0.95,100
"EpiEstim","poisson","gradual20_1.1_to_1.3","1.1 → 1.3",100,2000,"20",100,33,50,50,1.11,1.11450601677415,1.02116332704697,1.21337567425823,1.02760335684096,1.19677559079581,0.96,100
"EpiEstim","poisson","gradual20_1.1_to_1.3","1.1 → 1.3",100,2000,"20",100,33,51,51,1.12,1.12781039687374,1.03446864659607,1.22661147570108,1.04720630834478,1.23975014543675,0.95,100
"EpiEstim","poisson","gradual20_1.1_to_1.3","1.1 → 1.3",100,2000,"20",100,33,52,52,1.13,1.13093689102931,1.0380258310117,1.22923844534146,1.03687681879357,1.2177779149438,0.97,100
"EpiEstim","poisson","gradual20_1.1_to_1.3","1.1 → 1.3",100,2000,"20",100,33,53,53,1.14,1.14213636135498,1.04937499704344,1.24021510534392,1.04423361641125,1.2381084040324,0.93,100
"EpiEstim","poisson","gradual20_1.1_to_1.3","1.1 → 1.3",100,2000,"20",100,33,54,54,1.15,1.14732271171872,1.05502296401596,1.24486102007992,1.06474871805751,1.2545180361128,0.95,100
"EpiEstim","poisson","gradual20_1.1_to_1.3","1.1 → 1.3",100,2000,"20",100,33,55,55,1.16,1.1590698512537,1.0670000302966,1.2562942126159,1.06987326997159,1.24033133277035,0.96,100
"EpiEstim","poisson","gradual20_1.1_to_1.3","1.1 → 1.3",100,2000,"20",100,33,56,56,1.17,1.17498780034086,1.08304429511873,1.27199754547864,1.08670751254791,1.2507807812151,0.96,100
"EpiEstim","poisson","gradual20_1.1_to_1.3","1.1 → 1.3",100,2000,"20",100,33,57,57,1.18,1.18204201434971,1.09063895974741,1.27841937023194,1.09662651641813,1.25925019074813,0.97,100
"EpiEstim","poisson","gradual20_1.1_to_1.3","1.1 → 1.3",100,2000,"20",100,33,58,58,1.19,1.18464679909798,1.094018951958,1.280152859748,1.09010045551434,1.27247754877207,0.93,100
"EpiEstim","poisson","gradual20_1.1_to_1.3","1.1 → 1.3",100,2000,"20",100,33,59,59,1.2,1.19737889952087,1.10715919720454,1.29237621566071,1.11445648160196,1.26999018379008,0.96,100
"EpiEstim","poisson","gradual20_1.1_to_1.3","1.1 → 1.3",100,2000,"20",100,33,60,60,1.21,1.19953269154321,1.11018917555436,1.29354989101817,1.11123701531729,1.2886736045982,0.96,100
"EpiEstim","poisson","gradual20_1.1_to_1.3","1.1 → 1.3",100,2000,"20",100,33,61,61,1.22,1.21182234882615,1.12301297247682,1.30519944114126,1.11125850808222,1.29902498845929,0.94,100
"EpiEstim","poisson","gradual20_1.1_to_1.3","1.1 → 1.3",100,2000,"20",100,33,62,62,1.23,1.23036446050926,1.14189445346519,1.3232947897775,1.13451000172555,1.31689993092374,0.94,100
"EpiEstim","poisson","gradual20_1.1_to_1.3","1.1 → 1.3",100,2000,"20",100,33,63,63,1.24,1.23773957145521,1.15005980710553,1.32977111833477,1.16231891122737,1.32503986313212,0.96,100
"EpiEstim","poisson","gradual20_1.1_to_1.3","1.1 → 1.3",100,2000,"20",100,33,64,64,1.25,1.25561454775283,1.16838685399859,1.34708341988054,1.16069712802798,1.33242528769927,0.94,100
"EpiEstim","poisson","gradual20_1.1_to_1.3","1.1 → 1.3",100,2000,"20",100,33,65,65,1.26,1.26140631958339,1.17512279476852,1.35181751242563,1.18491278980656,1.36244548205073,0.92,100
"EpiEstim","poisson","gradual20_1.1_to_1.3","1.1 → 1.3",100,2000,"20",100,33,66,66,1.27,1.27525802559071,1.18969532509328,1.36483194654565,1.18892456949887,1.36386610378049,0.93,100
"EpiEstim","poisson","gradual20_1.1_to_1.3","1.1 → 1.3",100,2000,"20",100,33,67,67,1.28,1.27425967483025,1.18997783334531,1.36243382063357,1.18173732480945,1.34897527057313,0.93,100
"EpiEstim","poisson","gradual20_1.1_to_1.3","1.1 → 1.3",100,2000,"20",100,33,68,68,1.29,1.28437070195938,1.20103334820603,1.37147997431287,1.20001433505118,1.35830771286119,0.93,100
"EpiEstim","poisson","gradual20_1.1_to_1.3","1.1 → 1.3",100,2000,"20",100,33,69,69,1.3,1.2929048978532,1.21060373376338,1.37885738995437,1.21473291866781,1.3789874849011,0.94,100
"EpiEstim","poisson","gradual20_1.1_to_1.3","1.1 → 1.3",100,2000,"20",100,33,70,70,1.3,1.30816579780431,1.22671107406529,1.39315235485586,1.22813848295386,1.3848607361221,0.95,100
"EpiEstim","poisson","gradual20_1.1_to_1.3","1.1 → 1.3",100,2000,"20",100,33,71,71,1.3,1.30304381830477,1.22309863253749,1.38640271508904,1.21690484674689,1.3670548977618,0.96,100
"EpiEstim","poisson","gradual20_1.1_to_1.3","1.1 → 1.3",100,2000,"20",100,33,72,72,1.3,1.3014005124658,1.22285493892944,1.3832426390049,1.22564186547581,1.37638963259943,0.98,100
"EpiEstim","poisson","gradual20_1.1_to_1.3","1.1 → 1.3",100,2000,"20",100,33,73,73,1.3,1.30158263134278,1.22439146351625,1.38195443514985,1.22156310454651,1.3970476511876,0.93,100
"EpiEstim","poisson","gradual20_1.1_to_1.3","1.1 → 1.3",100,2000,"20",100,33,74,74,1.3,1.29132288172658,1.21580248341703,1.36991072337882,1.22094161124319,1.37731533480149,0.93,100
"EpiEstim","poisson","gradual20_1.1_to_1.3","1.1 → 1.3",100,2000,"20",100,33,75,75,1.3,1.30142073445645,1.22692828140951,1.37887130615683,1.23406322370348,1.37008284681957,0.96,100
"EpiEstim","poisson","gradual20_1.1_to_1.3","1.1 → 1.3",100,2000,"20",100,33,76,76,1.3,1.2989420598048,1.22583345949432,1.37490406934324,1.22273790300362,1.37588881066641,0.94,100
"EpiEstim","poisson","gradual20_1.1_to_1.3","1.1 → 1.3",100,2000,"20",100,33,77,77,1.3,1.29241395601721,1.22075229986416,1.36682889021648,1.2362567937165,1.35177223869034,1,100
"EpiEstim","poisson","gradual20_1.1_to_1.3","1.1 → 1.3",100,2000,"20",100,33,78,78,1.3,1.29615482767903,1.22563182099783,1.36933471611866,1.23698198759826,1.37059986572425,0.96,100
"EpiEstim","poisson","gradual20_1.1_to_1.3","1.1 → 1.3",100,2000,"20",100,33,79,79,1.3,1.30348426151466,1.2339829087446,1.37554966697256,1.23924841703939,1.36768109257148,0.96,100
"EpiEstim","poisson","gradual20_1.1_to_1.3","1.1 → 1.3",100,2000,"20",100,33,80,80,1.3,1.29896131145487,1.23077993596775,1.36961744845231,1.25084145801026,1.35923120780485,0.99,100
"EpiEstim","poisson","gradual20_1.1_to_1.3","1.1 → 1.3",100,2000,"20",100,33,81,81,1.3,1.2992140999271,1.23220406858983,1.3686125270398,1.24693164575241,1.353627837397,0.99,100
"EpiEstim","poisson","gradual20_1.1_to_1.3","1.1 → 1.3",100,2000,"20",100,33,82,82,1.3,1.2997924298722,1.23393242595703,1.36795697753427,1.23299039378149,1.36322826308325,0.97,100
"EpiEstim","poisson","gradual20_1.1_to_1.3","1.1 → 1.3",100,2000,"20",100,33,83,83,1.3,1.29741109239783,1.23276371035154,1.36428184380654,1.22626561449855,1.35673152030857,0.95,100
"EpiEstim","poisson","gradual20_1.1_to_1.3","1.1 → 1.3",100,2000,"20",100,33,84,84,1.3,1.29885812683084,1.23530723956144,1.36455400373274,1.2279315749559,1.35515232243333,0.95,100
"EpiEstim","poisson","gradual20_1.1_to_1.3","1.1 → 1.3",100,2000,"20",100,33,85,85,1.3,1.2981618808559,1.23573723492832,1.36265597189887,1.2462206257847,1.35011186883392,0.96,100
"EpiEstim","poisson","gradual20_1.1_to_1.3","1.1 → 1.3",100,2000,"20",100,33,86,86,1.3,1.29555217274844,1.23427808940428,1.35882296367013,1.24783648301188,1.36605579750279,0.95,100
"EpiEstim","poisson","gradual20_1.1_to_1.3","1.1 → 1.3",100,2000,"20",100,33,87,87,1.3,1.29962108467898,1.23932018730664,1.36184861297491,1.22350806976637,1.35876870401462,0.91,100
"EpiEstim","poisson","gradual20_1.1_to_1.3","1.1 → 1.3",100,2000,"20",100,33,88,88,1.3,1.30130109334696,1.24200738934905,1.3624539387546,1.2405635012947,1.3554366432237,0.95,100
"EpiEstim","poisson","gradual20_1.1_to_1.3","1.1 → 1.3",100,2000,"20",100,33,89,89,1.3,1.30177560260402,1.24350406366735,1.36184121950873,1.24357877484651,1.35793374280138,0.96,100
"EpiEstim","poisson","gradual20_1.1_to_1.3","1.1 → 1.3",100,2000,"20",100,33,90,90,1.3,1.29733273044408,1.24017662110133,1.35621996220057,1.24139290834335,1.35437038719985,0.94,100
"EpiEstim","poisson","gradual20_1.1_to_1.3","1.1 → 1.3",100,2000,"20",100,33,91,91,1.3,1.30276735690592,1.24649237975045,1.36071243788883,1.25064827285613,1.35150837241178,0.96,100
"EpiEstim","poisson","gradual20_1.1_to_1.3","1.1 → 1.3",100,2000,"20",100,33,92,92,1.3,1.2977311375735,1.24255180481314,1.35452159330018,1.25726559586625,1.35436308980776,0.98,100
"EpiEstim","poisson","gradual20_1.1_to_1.3","1.1 → 1.3",100,2000,"20",100,33,93,93,1.3,1.29893878631553,1.24470494307141,1.35472686106286,1.24087275693546,1.34378683767512,0.95,100
"EpiEstim","poisson","gradual20_1.1_to_1.3","1.1 → 1.3",100,2000,"20",100,33,94,94,1.3,1.30534541426955,1.25193049585216,1.36025969759095,1.24493917719007,1.359944021382,0.93,100
"EpiEstim","poisson","gradual20_1.1_to_1.3","1.1 → 1.3",100,2000,"20",100,33,95,95,1.3,1.2998354326752,1.24746896853384,1.35364842343577,1.25472159345309,1.35562001631569,0.93,100
"EpiEstim","poisson","gradual20_1.1_to_1.3","1.1 → 1.3",100,2000,"20",100,33,96,96,1.3,1.29735234702218,1.24595314218587,1.35014704114275,1.24763991230904,1.34276270699497,0.95,100
"EpiEstim","poisson","gradual20_1.1_to_1.3","1.1 → 1.3",100,2000,"20",100,33,97,97,1.3,1.30455152023591,1.25392075877004,1.35652837571304,1.24851853985651,1.35209759258061,0.93,100
"EpiEstim","poisson","gradual20_1.1_to_1.3","1.1 → 1.3",100,2000,"20",100,33,98,98,1.3,1.29892538838342,1.24929422470689,1.34985502422927,1.24445201214125,1.35719121285596,0.91,100
"EpiEstim","poisson","gradual20_1.1_to_1.3","1.1 → 1.3",100,2000,"20",100,33,99,99,1.3,1.30320544097524,1.25436472835835,1.35329873012037,1.26067207755038,1.3450191624578,0.97,100
"EpiEstim","poisson","gradual20_1.1_to_1.3","1.1 → 1.3",100,2000,"20",100,33,100,100,1.3,1.30028635577566,1.25236049030462,1.34942048988656,1.25505385022117,1.34180411270863,0.96,100
"EpiFilter (smoother)","poisson","gradual20_1.1_to_1.3","1.1 → 1.3",100,2000,"20",100,33,2,2,1.1,NA,NA,NA,NA,NA,NA,0
"EpiFilter (smoother)","poisson","gradual20_1.1_to_1.3","1.1 → 1.3",100,2000,"20",100,33,3,3,1.1,NA,NA,NA,NA,NA,NA,0
"EpiFilter (smoother)","poisson","gradual20_1.1_to_1.3","1.1 → 1.3",100,2000,"20",100,33,4,4,1.1,NA,NA,NA,NA,NA,NA,0
"EpiFilter (smoother)","poisson","gradual20_1.1_to_1.3","1.1 → 1.3",100,2000,"20",100,33,5,5,1.1,NA,NA,NA,NA,NA,NA,0
"EpiFilter (smoother)","poisson","gradual20_1.1_to_1.3","1.1 → 1.3",100,2000,"20",100,33,6,6,1.1,NA,NA,NA,NA,NA,NA,0
"EpiFilter (smoother)","poisson","gradual20_1.1_to_1.3","1.1 → 1.3",100,2000,"20",100,33,7,7,1.1,NA,NA,NA,NA,NA,NA,0
"EpiFilter (smoother)","poisson","gradual20_1.1_to_1.3","1.1 → 1.3",100,2000,"20",100,33,8,8,1.1,1.1046,0.8904,1.3572,1.03,1.20525,1,100
"EpiFilter (smoother)","poisson","gradual20_1.1_to_1.3","1.1 → 1.3",100,2000,"20",100,33,9,9,1.1,1.0979,0.9941,1.2099,1.02,1.2,0.99,100
"EpiFilter (smoother)","poisson","gradual20_1.1_to_1.3","1.1 → 1.3",100,2000,"20",100,33,10,10,1.1,1.0969,1.0011,1.1987,1.03,1.19,1,100
"EpiFilter (smoother)","poisson","gradual20_1.1_to_1.3","1.1 → 1.3",100,2000,"20",100,33,11,11,1.1,1.1018,1.0063,1.2029,1.02,1.1805,1,100
"EpiFilter (smoother)","poisson","gradual20_1.1_to_1.3","1.1 → 1.3",100,2000,"20",100,33,12,12,1.1,1.105,1.0095,1.2061,1.02,1.18,0.97,100
"EpiFilter (smoother)","poisson","gradual20_1.1_to_1.3","1.1 → 1.3",100,2000,"20",100,33,13,13,1.1,1.106,1.0118,1.2069,1.02475,1.19,0.98,100
"EpiFilter (smoother)","poisson","gradual20_1.1_to_1.3","1.1 → 1.3",100,2000,"20",100,33,14,14,1.1,1.1063,1.0124,1.2069,1.02425,1.2005,0.97,100
"EpiFilter (smoother)","poisson","gradual20_1.1_to_1.3","1.1 → 1.3",100,2000,"20",100,33,15,15,1.1,1.1017,1.0085,1.2013,1.02475,1.2,0.97,100
"EpiFilter (smoother)","poisson","gradual20_1.1_to_1.3","1.1 → 1.3",100,2000,"20",100,33,16,16,1.1,1.0956,1.0029,1.1942,1.02475,1.16525,0.98,100
"EpiFilter (smoother)","poisson","gradual20_1.1_to_1.3","1.1 → 1.3",100,2000,"20",100,33,17,17,1.1,1.1039,1.0117,1.2025,1.03,1.17525,0.99,100
"EpiFilter (smoother)","poisson","gradual20_1.1_to_1.3","1.1 → 1.3",100,2000,"20",100,33,18,18,1.1,1.1042,1.0123,1.2026,1.0295,1.18525,0.99,100
"EpiFilter (smoother)","poisson","gradual20_1.1_to_1.3","1.1 → 1.3",100,2000,"20",100,33,19,19,1.1,1.0964,1.0049,1.1942,1.00475,1.18,0.96,100
"EpiFilter (smoother)","poisson","gradual20_1.1_to_1.3","1.1 → 1.3",100,2000,"20",100,33,20,20,1.1,1.0951,1.0038,1.1916,1.0195,1.18,0.98,100
"EpiFilter (smoother)","poisson","gradual20_1.1_to_1.3","1.1 → 1.3",100,2000,"20",100,33,21,21,1.1,1.0955,1.0046,1.1922,1.01475,1.17525,0.99,100
"EpiFilter (smoother)","poisson","gradual20_1.1_to_1.3","1.1 → 1.3",100,2000,"20",100,33,22,22,1.1,1.0974,1.0071,1.1934,1.01475,1.16,1,100
"EpiFilter (smoother)","poisson","gradual20_1.1_to_1.3","1.1 → 1.3",100,2000,"20",100,33,23,23,1.1,1.1011,1.011,1.1965,1.04,1.17525,0.99,100
"EpiFilter (smoother)","poisson","gradual20_1.1_to_1.3","1.1 → 1.3",100,2000,"20",100,33,24,24,1.1,1.1049,1.0152,1.2003,1.03475,1.17,1,100
"EpiFilter (smoother)","poisson","gradual20_1.1_to_1.3","1.1 → 1.3",100,2000,"20",100,33,25,25,1.1,1.1002,1.0105,1.1946,1.03,1.17525,0.98,100
"EpiFilter (smoother)","poisson","gradual20_1.1_to_1.3","1.1 → 1.3",100,2000,"20",100,33,26,26,1.1,1.1041,1.0156,1.1985,1.03475,1.1905,0.98,100
"EpiFilter (smoother)","poisson","gradual20_1.1_to_1.3","1.1 → 1.3",100,2000,"20",100,33,27,27,1.1,1.0971,1.0088,1.1907,1.02475,1.17,0.99,100
"EpiFilter (smoother)","poisson","gradual20_1.1_to_1.3","1.1 → 1.3",100,2000,"20",100,33,28,28,1.1,1.0985,1.0108,1.1921,1.04,1.18,1,100
"EpiFilter (smoother)","poisson","gradual20_1.1_to_1.3","1.1 → 1.3",100,2000,"20",100,33,29,29,1.1,1.1048,1.017,1.1985,1.03,1.18,0.98,100
"EpiFilter (smoother)","poisson","gradual20_1.1_to_1.3","1.1 → 1.3",100,2000,"20",100,33,30,30,1.1,1.1038,1.0169,1.197,1.03,1.17,0.99,100
"EpiFilter (smoother)","poisson","gradual20_1.1_to_1.3","1.1 → 1.3",100,2000,"20",100,33,31,31,1.1,1.1068,1.02,1.1989,1.03,1.18,0.98,100
"EpiFilter (smoother)","poisson","gradual20_1.1_to_1.3","1.1 → 1.3",100,2000,"20",100,33,32,32,1.1,1.0968,1.0107,1.1884,1.02475,1.1705,0.97,100
"EpiFilter (smoother)","poisson","gradual20_1.1_to_1.3","1.1 → 1.3",100,2000,"20",100,33,33,33,1.1,1.1011,1.0144,1.1921,1.02475,1.17,1,100
"EpiFilter (smoother)","poisson","gradual20_1.1_to_1.3","1.1 → 1.3",100,2000,"20",100,33,34,34,1.1,1.0988,1.0133,1.1893,1.04,1.16525,0.98,100
"EpiFilter (smoother)","poisson","gradual20_1.1_to_1.3","1.1 → 1.3",100,2000,"20",100,33,35,35,1.1,1.0958,1.0115,1.1857,1.03,1.17,0.99,100
"EpiFilter (smoother)","poisson","gradual20_1.1_to_1.3","1.1 → 1.3",100,2000,"20",100,33,36,36,1.1,1.0975,1.0134,1.1875,1.03,1.15,1,100
"EpiFilter (smoother)","poisson","gradual20_1.1_to_1.3","1.1 → 1.3",100,2000,"20",100,33,37,37,1.1,1.0959,1.0114,1.1847,1.02475,1.17,0.98,100
"EpiFilter (smoother)","poisson","gradual20_1.1_to_1.3","1.1 → 1.3",100,2000,"20",100,33,38,38,1.1,1.1058,1.0219,1.1952,1.03475,1.17,1,100
"EpiFilter (smoother)","poisson","gradual20_1.1_to_1.3","1.1 → 1.3",100,2000,"20",100,33,39,39,1.1,1.1071,1.0236,1.1967,1.03,1.18,0.99,100
"EpiFilter (smoother)","poisson","gradual20_1.1_to_1.3","1.1 → 1.3",100,2000,"20",100,33,40,40,1.1,1.1024,1.0195,1.1907,1.04,1.17,0.99,100
"EpiFilter (smoother)","poisson","gradual20_1.1_to_1.3","1.1 → 1.3",100,2000,"20",100,33,41,41,1.1,1.1012,1.0188,1.189,1.02,1.17525,0.99,100
"EpiFilter (smoother)","poisson","gradual20_1.1_to_1.3","1.1 → 1.3",100,2000,"20",100,33,42,42,1.1,1.0999,1.0181,1.1877,1.02475,1.17,0.98,100
"EpiFilter (smoother)","poisson","gradual20_1.1_to_1.3","1.1 → 1.3",100,2000,"20",100,33,43,43,1.1,1.0985,1.0166,1.1855,1.04475,1.17,0.99,100
"EpiFilter (smoother)","poisson","gradual20_1.1_to_1.3","1.1 → 1.3",100,2000,"20",100,33,44,44,1.1,1.1062,1.0245,1.1934,1.04475,1.19,0.98,100
"EpiFilter (smoother)","poisson","gradual20_1.1_to_1.3","1.1 → 1.3",100,2000,"20",100,33,45,45,1.1,1.0983,1.0171,1.1843,1.03475,1.16525,1,100
"EpiFilter (smoother)","poisson","gradual20_1.1_to_1.3","1.1 → 1.3",100,2000,"20",100,33,46,46,1.1,1.094,1.0131,1.1796,1.03,1.17,1,100
"EpiFilter (smoother)","poisson","gradual20_1.1_to_1.3","1.1 → 1.3",100,2000,"20",100,33,47,47,1.1,1.0954,1.0154,1.1806,1.02475,1.16,0.98,100
"EpiFilter (smoother)","poisson","gradual20_1.1_to_1.3","1.1 → 1.3",100,2000,"20",100,33,48,48,1.1,1.099,1.0187,1.1826,1.02,1.17,0.99,100
"EpiFilter (smoother)","poisson","gradual20_1.1_to_1.3","1.1 → 1.3",100,2000,"20",100,33,49,49,1.1,1.0995,1.0203,1.1837,1.03475,1.16525,0.98,100
"EpiFilter (smoother)","poisson","gradual20_1.1_to_1.3","1.1 → 1.3",100,2000,"20",100,33,50,50,1.11,1.1136,1.0339,1.1977,1.04475,1.16525,1,100
"EpiFilter (smoother)","poisson","gradual20_1.1_to_1.3","1.1 → 1.3",100,2000,"20",100,33,51,51,1.12,1.1257,1.046,1.2099,1.07,1.21,0.96,100
"EpiFilter (smoother)","poisson","gradual20_1.1_to_1.3","1.1 → 1.3",100,2000,"20",100,33,52,52,1.13,1.1313,1.0518,1.2151,1.06,1.2,0.99,100
"EpiFilter (smoother)","poisson","gradual20_1.1_to_1.3","1.1 → 1.3",100,2000,"20",100,33,53,53,1.14,1.1409,1.0613,1.2246,1.07,1.21,0.99,100
"EpiFilter (smoother)","poisson","gradual20_1.1_to_1.3","1.1 → 1.3",100,2000,"20",100,33,54,54,1.15,1.1477,1.068,1.2311,1.09,1.23,0.98,100
"EpiFilter (smoother)","poisson","gradual20_1.1_to_1.3","1.1 → 1.3",100,2000,"20",100,33,55,55,1.16,1.1592,1.0795,1.2422,1.09475,1.22,1,100
"EpiFilter (smoother)","poisson","gradual20_1.1_to_1.3","1.1 → 1.3",100,2000,"20",100,33,56,56,1.17,1.1732,1.0939,1.2565,1.10475,1.23,0.97,100
"EpiFilter (smoother)","poisson","gradual20_1.1_to_1.3","1.1 → 1.3",100,2000,"20",100,33,57,57,1.18,1.1807,1.102,1.2636,1.11475,1.24,0.98,100
"EpiFilter (smoother)","poisson","gradual20_1.1_to_1.3","1.1 → 1.3",100,2000,"20",100,33,58,58,1.19,1.1853,1.1065,1.2679,1.11,1.26525,0.94,100
"EpiFilter (smoother)","poisson","gradual20_1.1_to_1.3","1.1 → 1.3",100,2000,"20",100,33,59,59,1.2,1.1952,1.1172,1.2779,1.13475,1.2605,0.98,100
"EpiFilter (smoother)","poisson","gradual20_1.1_to_1.3","1.1 → 1.3",100,2000,"20",100,33,60,60,1.21,1.2003,1.122,1.2817,1.14,1.26525,0.98,100
"EpiFilter (smoother)","poisson","gradual20_1.1_to_1.3","1.1 → 1.3",100,2000,"20",100,33,61,61,1.22,1.2126,1.1344,1.2935,1.13475,1.28,0.97,100
"EpiFilter (smoother)","poisson","gradual20_1.1_to_1.3","1.1 → 1.3",100,2000,"20",100,33,62,62,1.23,1.2284,1.1517,1.3095,1.15475,1.3,0.96,100
"EpiFilter (smoother)","poisson","gradual20_1.1_to_1.3","1.1 → 1.3",100,2000,"20",100,33,63,63,1.24,1.2385,1.1611,1.3191,1.18,1.31,0.98,100
"EpiFilter (smoother)","poisson","gradual20_1.1_to_1.3","1.1 → 1.3",100,2000,"20",100,33,64,64,1.25,1.2542,1.1771,1.3343,1.17475,1.31,0.97,100
"EpiFilter (smoother)","poisson","gradual20_1.1_to_1.3","1.1 → 1.3",100,2000,"20",100,33,65,65,1.26,1.2614,1.1855,1.3411,1.19475,1.34,0.97,100
"EpiFilter (smoother)","poisson","gradual20_1.1_to_1.3","1.1 → 1.3",100,2000,"20",100,33,66,66,1.27,1.2734,1.1978,1.3521,1.2095,1.34525,0.98,100
"EpiFilter (smoother)","poisson","gradual20_1.1_to_1.3","1.1 → 1.3",100,2000,"20",100,33,67,67,1.28,1.2749,1.2001,1.3527,1.19475,1.33,0.97,100
"EpiFilter (smoother)","poisson","gradual20_1.1_to_1.3","1.1 → 1.3",100,2000,"20",100,33,68,68,1.29,1.284,1.2097,1.3607,1.22,1.34,0.98,100
"EpiFilter (smoother)","poisson","gradual20_1.1_to_1.3","1.1 → 1.3",100,2000,"20",100,33,69,69,1.3,1.2923,1.2195,1.369,1.23,1.36,0.97,100
"EpiFilter (smoother)","poisson","gradual20_1.1_to_1.3","1.1 → 1.3",100,2000,"20",100,33,70,70,1.3,1.3055,1.2327,1.3812,1.24,1.37525,0.99,100
"EpiFilter (smoother)","poisson","gradual20_1.1_to_1.3","1.1 → 1.3",100,2000,"20",100,33,71,71,1.3,1.3029,1.2308,1.3772,1.2295,1.36,0.98,100
"EpiFilter (smoother)","poisson","gradual20_1.1_to_1.3","1.1 → 1.3",100,2000,"20",100,33,72,72,1.3,1.301,1.2302,1.3747,1.24,1.36,1,100
"EpiFilter (smoother)","poisson","gradual20_1.1_to_1.3","1.1 → 1.3",100,2000,"20",100,33,73,73,1.3,1.3008,1.2311,1.3722,1.24,1.38,0.95,100
"EpiFilter (smoother)","poisson","gradual20_1.1_to_1.3","1.1 → 1.3",100,2000,"20",100,33,74,74,1.3,1.2928,1.224,1.3637,1.23475,1.36525,0.99,100
"EpiFilter (smoother)","poisson","gradual20_1.1_to_1.3","1.1 → 1.3",100,2000,"20",100,33,75,75,1.3,1.2997,1.2328,1.3701,1.24,1.36,0.99,100
"EpiFilter (smoother)","poisson","gradual20_1.1_to_1.3","1.1 → 1.3",100,2000,"20",100,33,76,76,1.3,1.2985,1.2323,1.3672,1.2295,1.37,0.95,100
"EpiFilter (smoother)","poisson","gradual20_1.1_to_1.3","1.1 → 1.3",100,2000,"20",100,33,77,77,1.3,1.2929,1.2271,1.3601,1.25,1.34,1,100
"EpiFilter (smoother)","poisson","gradual20_1.1_to_1.3","1.1 → 1.3",100,2000,"20",100,33,78,78,1.3,1.296,1.2317,1.3628,1.25,1.35525,0.99,100
"EpiFilter (smoother)","poisson","gradual20_1.1_to_1.3","1.1 → 1.3",100,2000,"20",100,33,79,79,1.3,1.3024,1.2385,1.3678,1.25,1.35525,0.97,100
"EpiFilter (smoother)","poisson","gradual20_1.1_to_1.3","1.1 → 1.3",100,2000,"20",100,33,80,80,1.3,1.2991,1.2364,1.3636,1.25475,1.35,0.99,100
"EpiFilter (smoother)","poisson","gradual20_1.1_to_1.3","1.1 → 1.3",100,2000,"20",100,33,81,81,1.3,1.2986,1.2371,1.3628,1.25,1.34,1,100
"EpiFilter (smoother)","poisson","gradual20_1.1_to_1.3","1.1 → 1.3",100,2000,"20",100,33,82,82,1.3,1.2989,1.2382,1.3616,1.24,1.35525,0.98,100
"EpiFilter (smoother)","poisson","gradual20_1.1_to_1.3","1.1 → 1.3",100,2000,"20",100,33,83,83,1.3,1.2976,1.2379,1.3596,1.24,1.35,0.98,100
"EpiFilter (smoother)","poisson","gradual20_1.1_to_1.3","1.1 → 1.3",100,2000,"20",100,33,84,84,1.3,1.2984,1.2393,1.3594,1.23475,1.34525,0.97,100
"EpiFilter (smoother)","poisson","gradual20_1.1_to_1.3","1.1 → 1.3",100,2000,"20",100,33,85,85,1.3,1.2977,1.2396,1.3574,1.25,1.34,0.96,100
"EpiFilter (smoother)","poisson","gradual20_1.1_to_1.3","1.1 → 1.3",100,2000,"20",100,33,86,86,1.3,1.2956,1.2385,1.3544,1.25475,1.35525,0.96,100
"EpiFilter (smoother)","poisson","gradual20_1.1_to_1.3","1.1 → 1.3",100,2000,"20",100,33,87,87,1.3,1.2991,1.2427,1.3568,1.23475,1.35525,0.95,100
"EpiFilter (smoother)","poisson","gradual20_1.1_to_1.3","1.1 → 1.3",100,2000,"20",100,33,88,88,1.3,1.3006,1.2457,1.3579,1.24475,1.35,0.98,100
"EpiFilter (smoother)","poisson","gradual20_1.1_to_1.3","1.1 → 1.3",100,2000,"20",100,33,89,89,1.3,1.301,1.2464,1.3578,1.25,1.35,0.97,100
"EpiFilter (smoother)","poisson","gradual20_1.1_to_1.3","1.1 → 1.3",100,2000,"20",100,33,90,90,1.3,1.2975,1.2443,1.3527,1.25,1.35,0.96,100
"EpiFilter (smoother)","poisson","gradual20_1.1_to_1.3","1.1 → 1.3",100,2000,"20",100,33,91,91,1.3,1.3026,1.2492,1.3553,1.25475,1.35,0.97,100
"EpiFilter (smoother)","poisson","gradual20_1.1_to_1.3","1.1 → 1.3",100,2000,"20",100,33,92,92,1.3,1.2977,1.2458,1.3512,1.26,1.35,0.98,100
"EpiFilter (smoother)","poisson","gradual20_1.1_to_1.3","1.1 → 1.3",100,2000,"20",100,33,93,93,1.3,1.2985,1.2475,1.351,1.25,1.34,0.99,100
"EpiFilter (smoother)","poisson","gradual20_1.1_to_1.3","1.1 → 1.3",100,2000,"20",100,33,94,94,1.3,1.3042,1.2538,1.3563,1.25,1.35525,0.96,100
"EpiFilter (smoother)","poisson","gradual20_1.1_to_1.3","1.1 → 1.3",100,2000,"20",100,33,95,95,1.3,1.2992,1.2501,1.3503,1.26,1.35,0.96,100
"EpiFilter (smoother)","poisson","gradual20_1.1_to_1.3","1.1 → 1.3",100,2000,"20",100,33,96,96,1.3,1.2979,1.2489,1.3477,1.25,1.34,0.99,100
"EpiFilter (smoother)","poisson","gradual20_1.1_to_1.3","1.1 → 1.3",100,2000,"20",100,33,97,97,1.3,1.304,1.2559,1.3527,1.25,1.35,0.97,100
"EpiFilter (smoother)","poisson","gradual20_1.1_to_1.3","1.1 → 1.3",100,2000,"20",100,33,98,98,1.3,1.2989,1.2516,1.3471,1.25,1.35,0.96,100
"EpiFilter (smoother)","poisson","gradual20_1.1_to_1.3","1.1 → 1.3",100,2000,"20",100,33,99,99,1.3,1.3025,1.2561,1.35,1.26475,1.34,0.98,100
"EpiFilter (smoother)","poisson","gradual20_1.1_to_1.3","1.1 → 1.3",100,2000,"20",100,33,100,100,1.3,1.3004,1.2537,1.3478,1.26,1.34,0.98,100
"EpiLPS (MAP)","negbin","gradual20_1.1_to_1.3","1.1 → 1.3",100,2000,"20",100,46,2,2,1.1,NA,NA,NA,NA,NA,NA,0
"EpiLPS (MAP)","negbin","gradual20_1.1_to_1.3","1.1 → 1.3",100,2000,"20",100,46,3,3,1.1,NA,NA,NA,NA,NA,NA,0
"EpiLPS (MAP)","negbin","gradual20_1.1_to_1.3","1.1 → 1.3",100,2000,"20",100,46,4,4,1.1,NA,NA,NA,NA,NA,NA,0
"EpiLPS (MAP)","negbin","gradual20_1.1_to_1.3","1.1 → 1.3",100,2000,"20",100,46,5,5,1.1,NA,NA,NA,NA,NA,NA,0
"EpiLPS (MAP)","negbin","gradual20_1.1_to_1.3","1.1 → 1.3",100,2000,"20",100,46,6,6,1.1,NA,NA,NA,NA,NA,NA,0
"EpiLPS (MAP)","negbin","gradual20_1.1_to_1.3","1.1 → 1.3",100,2000,"20",100,46,7,7,1.1,NA,NA,NA,NA,NA,NA,0
"EpiLPS (MAP)","negbin","gradual20_1.1_to_1.3","1.1 → 1.3",100,2000,"20",100,46,8,8,1.1,305.690993236152,231.566061062473,404.330440036177,242.602377617014,374.736745158696,0,100
"EpiLPS (MAP)","negbin","gradual20_1.1_to_1.3","1.1 → 1.3",100,2000,"20",100,46,9,9,1.1,792.542141698175,718.396656337206,874.541699735654,748.833747845372,847.780045357934,0,100
"EpiLPS (MAP)","negbin","gradual20_1.1_to_1.3","1.1 → 1.3",100,2000,"20",100,46,10,10,1.1,47.3670840239035,39.8531905562149,56.3383551470932,42.6861910646165,53.7391451860418,0,100
"EpiLPS (MAP)","negbin","gradual20_1.1_to_1.3","1.1 → 1.3",100,2000,"20",100,46,11,11,1.1,12.0747047700641,9.73481235500315,14.994032450134,10.4874972993353,14.2981608651438,0,100
"EpiLPS (MAP)","negbin","gradual20_1.1_to_1.3","1.1 → 1.3",100,2000,"20",100,46,12,12,1.1,5.43436926113661,4.30749414515311,6.86517092113964,4.64557232305214,6.62750746993937,0,100
"EpiLPS (MAP)","negbin","gradual20_1.1_to_1.3","1.1 → 1.3",100,2000,"20",100,46,13,13,1.1,3.2609101283139,2.5834299831434,4.12157853996681,2.79944371055738,4.02345956137275,0,100
"EpiLPS (MAP)","negbin","gradual20_1.1_to_1.3","1.1 → 1.3",100,2000,"20",100,46,14,14,1.1,2.31588960448885,1.84610147040541,2.90891211857698,1.97059681259285,2.82192684337286,0,100
"EpiLPS (MAP)","negbin","gradual20_1.1_to_1.3","1.1 → 1.3",100,2000,"20",100,46,15,15,1.1,1.83118308338938,1.47498964514792,2.27599807194429,1.53058925719266,2.18158473274604,0,100
"EpiLPS (MAP)","negbin","gradual20_1.1_to_1.3","1.1 → 1.3",100,2000,"20",100,46,16,16,1.1,1.55589958881233,1.27103582639967,1.90650635715707,1.2905079012396,1.84963508448385,0.04,100
"EpiLPS (MAP)","negbin","gradual20_1.1_to_1.3","1.1 → 1.3",100,2000,"20",100,46,17,17,1.1,1.38943192417983,1.14757305807122,1.68375425688303,1.16689911180396,1.65089583625855,0.37,100
"EpiLPS (MAP)","negbin","gradual20_1.1_to_1.3","1.1 → 1.3",100,2000,"20",100,46,18,18,1.1,1.28491147092776,1.0675406239793,1.54781622049901,1.0755617519401,1.51695883220374,0.69,100
"EpiLPS (MAP)","negbin","gradual20_1.1_to_1.3","1.1 → 1.3",100,2000,"20",100,46,19,19,1.1,1.21792523843,1.01809081022626,1.45810381063256,1.01080061086272,1.41934178081022,0.79,100
"EpiLPS (MAP)","negbin","gradual20_1.1_to_1.3","1.1 → 1.3",100,2000,"20",100,46,20,20,1.1,1.1747004269723,0.986572395907835,1.39972425260862,0.97394913556139,1.35742383586544,0.9,100
"EpiLPS (MAP)","negbin","gradual20_1.1_to_1.3","1.1 → 1.3",100,2000,"20",100,46,21,21,1.1,1.1469668768217,0.963479858754357,1.36638812645222,0.964284560170915,1.30438217139505,0.95,100
"EpiLPS (MAP)","negbin","gradual20_1.1_to_1.3","1.1 → 1.3",100,2000,"20",100,46,22,22,1.1,1.12949273491087,0.949315420726476,1.34482935342738,0.95681829596845,1.27557347765124,0.96,100
"EpiLPS (MAP)","negbin","gradual20_1.1_to_1.3","1.1 → 1.3",100,2000,"20",100,46,23,23,1.1,1.11877923574923,0.943212810115063,1.3279360558246,0.951987410411408,1.25056102034965,0.96,100
"EpiLPS (MAP)","negbin","gradual20_1.1_to_1.3","1.1 → 1.3",100,2000,"20",100,46,24,24,1.1,1.11233780634297,0.938040397915096,1.31991308316551,0.945365718375473,1.24315940614306,0.95,100
"EpiLPS (MAP)","negbin","gradual20_1.1_to_1.3","1.1 → 1.3",100,2000,"20",100,46,25,25,1.1,1.10837285802963,0.933339285548376,1.31712566891113,0.941135085026359,1.24730538838008,0.96,100
"EpiLPS (MAP)","negbin","gradual20_1.1_to_1.3","1.1 → 1.3",100,2000,"20",100,46,26,26,1.1,1.10561319798546,0.932876976282175,1.31120576285839,0.948924619957149,1.27078654015883,0.97,100
"EpiLPS (MAP)","negbin","gradual20_1.1_to_1.3","1.1 → 1.3",100,2000,"20",100,46,27,27,1.1,1.10336499047062,0.932181852519693,1.3068475520271,0.950126511854369,1.27469688376825,0.96,100
"EpiLPS (MAP)","negbin","gradual20_1.1_to_1.3","1.1 → 1.3",100,2000,"20",100,46,28,28,1.1,1.10119807186476,0.928609272375563,1.30675458898754,0.957081306777066,1.27509992595559,0.96,100
"EpiLPS (MAP)","negbin","gradual20_1.1_to_1.3","1.1 → 1.3",100,2000,"20",100,46,29,29,1.1,1.0988086575644,0.926847208065331,1.30357335169808,0.949591327360302,1.27335274481595,0.96,100
"EpiLPS (MAP)","negbin","gradual20_1.1_to_1.3","1.1 → 1.3",100,2000,"20",100,46,30,30,1.1,1.09612140487864,0.926626736600231,1.2975065228482,0.958448745973901,1.27087437380472,0.95,100
"EpiLPS (MAP)","negbin","gradual20_1.1_to_1.3","1.1 → 1.3",100,2000,"20",100,46,31,31,1.1,1.09324977377768,0.923292041377409,1.29539808450676,0.954738315298841,1.2559108805369,0.94,100
"EpiLPS (MAP)","negbin","gradual20_1.1_to_1.3","1.1 → 1.3",100,2000,"20",100,46,32,32,1.1,1.09033983906059,0.919464270894714,1.29389694954402,0.953728219886095,1.24210288578075,0.95,100
"EpiLPS (MAP)","negbin","gradual20_1.1_to_1.3","1.1 → 1.3",100,2000,"20",100,46,33,33,1.1,1.08765366802325,0.91903703045166,1.28811506634071,0.953688887168173,1.24418096800944,0.95,100
"EpiLPS (MAP)","negbin","gradual20_1.1_to_1.3","1.1 → 1.3",100,2000,"20",100,46,34,34,1.1,1.08572164461439,0.917689898455267,1.28542707625904,0.953764591415084,1.24698214547795,0.97,100
"EpiLPS (MAP)","negbin","gradual20_1.1_to_1.3","1.1 → 1.3",100,2000,"20",100,46,35,35,1.1,1.08506747199158,0.91510231045884,1.28752981766661,0.952640348489588,1.23499752366231,0.98,100
"EpiLPS (MAP)","negbin","gradual20_1.1_to_1.3","1.1 → 1.3",100,2000,"20",100,46,36,36,1.1,1.08609533483132,0.91680602837094,1.28756374985977,0.95221728663764,1.23560755619923,0.99,100
"EpiLPS (MAP)","negbin","gradual20_1.1_to_1.3","1.1 → 1.3",100,2000,"20",100,46,37,37,1.1,1.08874076715617,0.92067685591596,1.28838615162177,0.942830220203359,1.23512613135955,0.99,100
"EpiLPS (MAP)","negbin","gradual20_1.1_to_1.3","1.1 → 1.3",100,2000,"20",100,46,38,38,1.1,1.09262421858306,0.922544828784524,1.29497818239038,0.932381765717808,1.24453081808205,0.96,100
"EpiLPS (MAP)","negbin","gradual20_1.1_to_1.3","1.1 → 1.3",100,2000,"20",100,46,39,39,1.1,1.09726745691629,0.925768559606901,1.30146517295136,0.922656188554223,1.26018206620491,0.95,100
"EpiLPS (MAP)","negbin","gradual20_1.1_to_1.3","1.1 → 1.3",100,2000,"20",100,46,40,40,1.1,1.10207587297158,0.93196196774415,1.304150192526,0.927998521296416,1.26948247465286,0.95,100
"EpiLPS (MAP)","negbin","gradual20_1.1_to_1.3","1.1 → 1.3",100,2000,"20",100,46,41,41,1.1,1.10641431300987,0.935422608832729,1.30957754882964,0.944364239646711,1.27987296645925,0.96,100
"EpiLPS (MAP)","negbin","gradual20_1.1_to_1.3","1.1 → 1.3",100,2000,"20",100,46,42,42,1.1,1.10968485199251,0.936298203782765,1.31611632872842,0.951213393590267,1.28347026809999,0.96,100
"EpiLPS (MAP)","negbin","gradual20_1.1_to_1.3","1.1 → 1.3",100,2000,"20",100,46,43,43,1.1,1.1114748148614,0.939222862929523,1.31623607294228,0.951380326629536,1.27452881950996,0.96,100
"EpiLPS (MAP)","negbin","gradual20_1.1_to_1.3","1.1 → 1.3",100,2000,"20",100,46,44,44,1.1,1.11203977797773,0.940728306667877,1.31545157054296,0.945326042089887,1.26119382765581,0.96,100
"EpiLPS (MAP)","negbin","gradual20_1.1_to_1.3","1.1 → 1.3",100,2000,"20",100,46,45,45,1.1,1.11183636315019,0.93859938885913,1.31796930090433,0.946618284586924,1.2489277457699,0.96,100
"EpiLPS (MAP)","negbin","gradual20_1.1_to_1.3","1.1 → 1.3",100,2000,"20",100,46,46,46,1.1,1.11132145942548,0.938098942225876,1.31745256077192,0.94706997318952,1.25077487476996,0.96,100
"EpiLPS (MAP)","negbin","gradual20_1.1_to_1.3","1.1 → 1.3",100,2000,"20",100,46,47,47,1.1,1.11101701632805,0.939861924386271,1.31424606768211,0.948321804536817,1.23844188825336,0.96,100
"EpiLPS (MAP)","negbin","gradual20_1.1_to_1.3","1.1 → 1.3",100,2000,"20",100,46,48,48,1.1,1.11148492844779,0.939414706434184,1.3159949297343,0.957602693790685,1.23505641822278,0.97,100
"EpiLPS (MAP)","negbin","gradual20_1.1_to_1.3","1.1 → 1.3",100,2000,"20",100,46,49,49,1.1,1.11322023672653,0.939413335414816,1.32012999144082,0.97011160535272,1.24240527123733,0.98,100
"EpiLPS (MAP)","negbin","gradual20_1.1_to_1.3","1.1 → 1.3",100,2000,"20",100,46,50,50,1.11,1.11654492842794,0.944175572242917,1.32131190272548,0.975048962391338,1.26277158749694,0.97,100
"EpiLPS (MAP)","negbin","gradual20_1.1_to_1.3","1.1 → 1.3",100,2000,"20",100,46,51,51,1.12,1.1214352905777,0.948893976935941,1.32627696719657,0.982016884521502,1.27350006262942,0.94,100
"EpiLPS (MAP)","negbin","gradual20_1.1_to_1.3","1.1 → 1.3",100,2000,"20",100,46,52,52,1.13,1.12764439305525,0.95215036792591,1.33643515368835,0.983105724338515,1.28514343123221,0.94,100
"EpiLPS (MAP)","negbin","gradual20_1.1_to_1.3","1.1 → 1.3",100,2000,"20",100,46,53,53,1.14,1.13478953680647,0.958980560728244,1.34377752048712,0.990485451770371,1.31961518701247,0.94,100
"EpiLPS (MAP)","negbin","gradual20_1.1_to_1.3","1.1 → 1.3",100,2000,"20",100,46,54,54,1.15,1.14246338296817,0.967275038596968,1.35032133692424,0.997965847635299,1.34313631756719,0.94,100
"EpiLPS (MAP)","negbin","gradual20_1.1_to_1.3","1.1 → 1.3",100,2000,"20",100,46,55,55,1.16,1.15030789902639,0.972446551714361,1.36167388962026,1.00360689782517,1.33715221382618,0.96,100
"EpiLPS (MAP)","negbin","gradual20_1.1_to_1.3","1.1 → 1.3",100,2000,"20",100,46,56,56,1.17,1.15801212508215,0.977984242575255,1.3721850162718,1.0176730398822,1.32856472689322,0.96,100
"EpiLPS (MAP)","negbin","gradual20_1.1_to_1.3","1.1 → 1.3",100,2000,"20",100,46,57,57,1.18,1.16549546825938,0.986486698391314,1.37799059936704,1.03632863581716,1.34138265886555,0.94,100
"EpiLPS (MAP)","negbin","gradual20_1.1_to_1.3","1.1 → 1.3",100,2000,"20",100,46,58,58,1.19,1.17301706015977,0.992753968767556,1.38703879541437,1.04813066458289,1.35626920633092,0.94,100
"EpiLPS (MAP)","negbin","gradual20_1.1_to_1.3","1.1 → 1.3",100,2000,"20",100,46,59,59,1.2,1.18082410162744,0.997409663658838,1.39903750130994,1.04965770418389,1.35895868039747,0.96,100
"EpiLPS (MAP)","negbin","gradual20_1.1_to_1.3","1.1 → 1.3",100,2000,"20",100,46,60,60,1.21,1.18908342285947,1.00606107329562,1.40647288238895,1.05643309201133,1.36139283923458,0.95,100
"EpiLPS (MAP)","negbin","gradual20_1.1_to_1.3","1.1 → 1.3",100,2000,"20",100,46,61,61,1.22,1.1977664478992,1.01497481340668,1.41455186144569,1.0471305667721,1.36133398209745,0.93,100
"EpiLPS (MAP)","negbin","gradual20_1.1_to_1.3","1.1 → 1.3",100,2000,"20",100,46,62,62,1.23,1.20674403419056,1.02077284665475,1.42771287180525,1.05039414617991,1.38288509705705,0.93,100
"EpiLPS (MAP)","negbin","gradual20_1.1_to_1.3","1.1 → 1.3",100,2000,"20",100,46,63,63,1.24,1.21585146879461,1.02837679828097,1.43863816277767,1.06334913493155,1.40572784279546,0.95,100
"EpiLPS (MAP)","negbin","gradual20_1.1_to_1.3","1.1 → 1.3",100,2000,"20",100,46,64,64,1.25,1.22497993425913,1.03842445774888,1.44617129851231,1.06761538153647,1.4389433484311,0.95,100
"EpiLPS (MAP)","negbin","gradual20_1.1_to_1.3","1.1 → 1.3",100,2000,"20",100,46,65,65,1.26,1.23408042942118,1.04532940912678,1.4580570806854,1.07669831465279,1.46792696483822,0.96,100
"EpiLPS (MAP)","negbin","gradual20_1.1_to_1.3","1.1 → 1.3",100,2000,"20",100,46,66,66,1.27,1.24308208647062,1.05119205930597,1.47117848425065,1.07671479097746,1.47928285363029,0.95,100
"EpiLPS (MAP)","negbin","gradual20_1.1_to_1.3","1.1 → 1.3",100,2000,"20",100,46,67,67,1.28,1.25189309198701,1.06080082974979,1.47857220960793,1.09002773386772,1.47118785274963,0.94,100
"EpiLPS (MAP)","negbin","gradual20_1.1_to_1.3","1.1 → 1.3",100,2000,"20",100,46,68,68,1.29,1.26039843617031,1.06882558701547,1.4874777695458,1.09367820098305,1.45861367887975,0.96,100
"EpiLPS (MAP)","negbin","gradual20_1.1_to_1.3","1.1 → 1.3",100,2000,"20",100,46,69,69,1.3,1.26840521392302,1.07334790661977,1.50012656364907,1.09480416560547,1.46270311579981,0.96,100
"EpiLPS (MAP)","negbin","gradual20_1.1_to_1.3","1.1 → 1.3",100,2000,"20",100,46,70,70,1.3,1.27567660192802,1.08024386847844,1.50769295375904,1.09832759875318,1.4857665995292,0.95,100
"EpiLPS (MAP)","negbin","gradual20_1.1_to_1.3","1.1 → 1.3",100,2000,"20",100,46,71,71,1.3,1.28210980623279,1.08788182204662,1.51223307709947,1.09413382133367,1.48078515425948,0.95,100
"EpiLPS (MAP)","negbin","gradual20_1.1_to_1.3","1.1 → 1.3",100,2000,"20",100,46,72,72,1.3,1.28771100123704,1.09116851742443,1.52090975474473,1.10712127960826,1.46388794654175,0.97,100
"EpiLPS (MAP)","negbin","gradual20_1.1_to_1.3","1.1 → 1.3",100,2000,"20",100,46,73,73,1.3,1.29248434076231,1.09405817717262,1.52818413941826,1.12491463187443,1.45607515159153,0.97,100
"EpiLPS (MAP)","negbin","gradual20_1.1_to_1.3","1.1 → 1.3",100,2000,"20",100,46,74,74,1.3,1.29644813964933,1.09994839670572,1.52931649090598,1.12817328803854,1.46106958726816,0.96,100
"EpiLPS (MAP)","negbin","gradual20_1.1_to_1.3","1.1 → 1.3",100,2000,"20",100,46,75,75,1.3,1.29961548102135,1.10272296573474,1.53293916123921,1.12542867672489,1.46054531857248,0.95,100
"EpiLPS (MAP)","negbin","gradual20_1.1_to_1.3","1.1 → 1.3",100,2000,"20",100,46,76,76,1.3,1.30188437028618,1.10234330978656,1.5388633982042,1.11823907426954,1.46158176663181,0.95,100
"EpiLPS (MAP)","negbin","gradual20_1.1_to_1.3","1.1 → 1.3",100,2000,"20",100,46,77,77,1.3,1.30310968105662,1.10486890323465,1.53822661031352,1.12224084111215,1.46535130246311,0.97,100
"EpiLPS (MAP)","negbin","gradual20_1.1_to_1.3","1.1 → 1.3",100,2000,"20",100,46,78,78,1.3,1.30344416189263,1.10665677845815,1.53652045319499,1.12982224815589,1.47057474738623,0.98,100
"EpiLPS (MAP)","negbin","gradual20_1.1_to_1.3","1.1 → 1.3",100,2000,"20",100,46,79,79,1.3,1.30320184512113,1.1041805006906,1.53943221713678,1.13063144769394,1.47088373524055,0.98,100
"EpiLPS (MAP)","negbin","gradual20_1.1_to_1.3","1.1 → 1.3",100,2000,"20",100,46,80,80,1.3,1.30272114040028,1.10324016017306,1.53962504545555,1.11862122735351,1.46397862493414,0.98,100
"EpiLPS (MAP)","negbin","gradual20_1.1_to_1.3","1.1 → 1.3",100,2000,"20",100,46,81,81,1.3,1.3023716455714,1.10542613203621,1.53573540644524,1.12605279792323,1.44035877012237,0.98,100
"EpiLPS (MAP)","negbin","gradual20_1.1_to_1.3","1.1 → 1.3",100,2000,"20",100,46,82,82,1.3,1.30248448373418,1.10490845090369,1.53674096144508,1.13679403102719,1.44855112833126,0.98,100
"EpiLPS (MAP)","negbin","gradual20_1.1_to_1.3","1.1 → 1.3",100,2000,"20",100,46,83,83,1.3,1.30324284536725,1.10373366916576,1.5402053637105,1.14464632490683,1.43896424090129,0.98,100
"EpiLPS (MAP)","negbin","gradual20_1.1_to_1.3","1.1 → 1.3",100,2000,"20",100,46,84,84,1.3,1.30464724449032,1.10719857847151,1.5386801820774,1.14640875284881,1.44145565073892,0.99,100
"EpiLPS (MAP)","negbin","gradual20_1.1_to_1.3","1.1 → 1.3",100,2000,"20",100,46,85,85,1.3,1.30645886344321,1.10974498414934,1.53941860869186,1.15026649302617,1.45576260212852,0.98,100
"EpiLPS (MAP)","negbin","gradual20_1.1_to_1.3","1.1 → 1.3",100,2000,"20",100,46,86,86,1.3,1.30834933175442,1.10894840236525,1.54503452623765,1.14428875833191,1.47625550987743,0.96,100
"EpiLPS (MAP)","negbin","gradual20_1.1_to_1.3","1.1 → 1.3",100,2000,"20",100,46,87,87,1.3,1.30998312767218,1.1107772406504,1.54635312607392,1.13620277139554,1.47566298177871,0.97,100
"EpiLPS (MAP)","negbin","gradual20_1.1_to_1.3","1.1 → 1.3",100,2000,"20",100,46,88,88,1.3,1.31113663796434,1.11387257529078,1.54475575622808,1.14664790442331,1.49558585254627,0.97,100
"EpiLPS (MAP)","negbin","gradual20_1.1_to_1.3","1.1 → 1.3",100,2000,"20",100,46,89,89,1.3,1.31167222943849,1.11264910546652,1.54775083428242,1.13715558294988,1.50416938326117,0.97,100
"EpiLPS (MAP)","negbin","gradual20_1.1_to_1.3","1.1 → 1.3",100,2000,"20",100,46,90,90,1.3,1.31145994095895,1.11065745921234,1.5500577365482,1.13704257488027,1.5080083165198,0.96,100
"EpiLPS (MAP)","negbin","gradual20_1.1_to_1.3","1.1 → 1.3",100,2000,"20",100,46,91,91,1.3,1.31042638453973,1.11153915724389,1.5463707557982,1.14334228438393,1.50952284347055,0.96,100
"EpiLPS (MAP)","negbin","gradual20_1.1_to_1.3","1.1 → 1.3",100,2000,"20",100,46,92,92,1.3,1.30857067237829,1.10926139662394,1.54517811013884,1.14268179144068,1.50447876616588,0.94,100
"EpiLPS (MAP)","negbin","gradual20_1.1_to_1.3","1.1 → 1.3",100,2000,"20",100,46,93,93,1.3,1.30582158579931,1.103749647119,1.54642950809781,1.13574159076157,1.52472061618945,0.92,100
"EpiLPS (MAP)","negbin","gradual20_1.1_to_1.3","1.1 → 1.3",100,2000,"20",100,46,94,94,1.3,1.30212848405502,1.10138687770843,1.54099039708812,1.1462145680605,1.54812899060037,0.93,100
"EpiLPS (MAP)","negbin","gradual20_1.1_to_1.3","1.1 → 1.3",100,2000,"20",100,46,95,95,1.3,1.29779447317125,1.09927394050107,1.53368507092133,1.13328848259651,1.54185905329278,0.93,100
"EpiLPS (MAP)","negbin","gradual20_1.1_to_1.3","1.1 → 1.3",100,2000,"20",100,46,96,96,1.3,1.29331463804498,1.09269010874237,1.53237086854303,1.12521145860502,1.52161421636339,0.94,100
"EpiLPS (MAP)","negbin","gradual20_1.1_to_1.3","1.1 → 1.3",100,2000,"20",100,46,97,97,1.3,1.28919486620896,1.08258020384876,1.53702457506117,1.13387887999748,1.49742342986234,0.94,100
"EpiLPS (MAP)","negbin","gradual20_1.1_to_1.3","1.1 → 1.3",100,2000,"20",100,46,98,98,1.3,1.28591154856786,1.06275787897111,1.55817825980997,1.11432952392028,1.49610997314525,0.93,100
"EpiLPS (MAP)","negbin","gradual20_1.1_to_1.3","1.1 → 1.3",100,2000,"20",100,46,99,99,1.3,1.28381325629003,1.02195688583111,1.61620922467783,1.05711151817389,1.56171821050335,0.96,100
"EpiLPS (MAP)","negbin","gradual20_1.1_to_1.3","1.1 → 1.3",100,2000,"20",100,46,100,100,1.3,1.28300527293287,0.961692076736028,1.71754335428092,1.01432767753081,1.63493284492228,0.95,100
"EpiLPS (MALA)","negbin","gradual20_1.1_to_1.3","1.1 → 1.3",100,2000,"20",100,46,2,2,1.1,NA,NA,NA,NA,NA,NA,0
"EpiLPS (MALA)","negbin","gradual20_1.1_to_1.3","1.1 → 1.3",100,2000,"20",100,46,3,3,1.1,NA,NA,NA,NA,NA,NA,0
"EpiLPS (MALA)","negbin","gradual20_1.1_to_1.3","1.1 → 1.3",100,2000,"20",100,46,4,4,1.1,NA,NA,NA,NA,NA,NA,0
"EpiLPS (MALA)","negbin","gradual20_1.1_to_1.3","1.1 → 1.3",100,2000,"20",100,46,5,5,1.1,NA,NA,NA,NA,NA,NA,0
"EpiLPS (MALA)","negbin","gradual20_1.1_to_1.3","1.1 → 1.3",100,2000,"20",100,46,6,6,1.1,NA,NA,NA,NA,NA,NA,0
"EpiLPS (MALA)","negbin","gradual20_1.1_to_1.3","1.1 → 1.3",100,2000,"20",100,46,7,7,1.1,NA,NA,NA,NA,NA,NA,0
"EpiLPS (MALA)","negbin","gradual20_1.1_to_1.3","1.1 → 1.3",100,2000,"20",100,46,8,8,1.1,306.784385191722,234.028114950955,410.199489045359,239.929044199376,389.92205322769,0,100
"EpiLPS (MALA)","negbin","gradual20_1.1_to_1.3","1.1 → 1.3",100,2000,"20",100,46,9,9,1.1,793.125008534929,717.463370329588,876.321367879126,751.286699542126,846.951553213802,0,100
"EpiLPS (MALA)","negbin","gradual20_1.1_to_1.3","1.1 → 1.3",100,2000,"20",100,46,10,10,1.1,47.4134502833728,39.7885138187066,56.3847315948905,42.8276597883656,53.6389001747215,0,100
"EpiLPS (MALA)","negbin","gradual20_1.1_to_1.3","1.1 → 1.3",100,2000,"20",100,46,11,11,1.1,12.083758501568,9.70762312800431,14.9554531729355,10.5003598816675,14.2572098075902,0,100
"EpiLPS (MALA)","negbin","gradual20_1.1_to_1.3","1.1 → 1.3",100,2000,"20",100,46,12,12,1.1,5.43607752373895,4.2879844756909,6.83196224056381,4.64375575489361,6.6091224220518,0,100
"EpiLPS (MALA)","negbin","gradual20_1.1_to_1.3","1.1 → 1.3",100,2000,"20",100,46,13,13,1.1,3.26014809090234,2.56492515342977,4.09593001737131,2.77056347240606,4.01628513642009,0,100
"EpiLPS (MALA)","negbin","gradual20_1.1_to_1.3","1.1 → 1.3",100,2000,"20",100,46,14,14,1.1,2.3138521440357,1.82760699916727,2.89747634709355,1.94633413018192,2.84579335508825,0,100
"EpiLPS (MALA)","negbin","gradual20_1.1_to_1.3","1.1 → 1.3",100,2000,"20",100,46,15,15,1.1,1.82889026648003,1.46007700435965,2.27171501545792,1.51479178884087,2.21509892171909,0,100
"EpiLPS (MALA)","negbin","gradual20_1.1_to_1.3","1.1 → 1.3",100,2000,"20",100,46,16,16,1.1,1.55375627330797,1.25771239905162,1.90722144436577,1.28508570386096,1.83601163591988,0.09,100
"EpiLPS (MALA)","negbin","gradual20_1.1_to_1.3","1.1 → 1.3",100,2000,"20",100,46,17,17,1.1,1.38748363377312,1.13565435175379,1.69118166694199,1.14631920627706,1.6366184125257,0.42,100
"EpiLPS (MALA)","negbin","gradual20_1.1_to_1.3","1.1 → 1.3",100,2000,"20",100,46,18,18,1.1,1.28309085142996,1.05829528129526,1.55827739880825,1.05263856219445,1.49651928843572,0.72,100
"EpiLPS (MALA)","negbin","gradual20_1.1_to_1.3","1.1 → 1.3",100,2000,"20",100,46,19,19,1.1,1.21596353405969,1.01191845902317,1.46548661638405,0.996324996114268,1.42341711762167,0.84,100
"EpiLPS (MALA)","negbin","gradual20_1.1_to_1.3","1.1 → 1.3",100,2000,"20",100,46,20,20,1.1,1.17318556827247,0.982717765462384,1.40272818635027,0.970430013904355,1.37012858013879,0.9,100
"EpiLPS (MALA)","negbin","gradual20_1.1_to_1.3","1.1 → 1.3",100,2000,"20",100,46,21,21,1.1,1.14609321447522,0.960010595955832,1.36832652623267,0.969738669371646,1.31336817334081,0.97,100
"EpiLPS (MALA)","negbin","gradual20_1.1_to_1.3","1.1 → 1.3",100,2000,"20",100,46,22,22,1.1,1.12858693572041,0.945247341027579,1.34621772455001,0.957840977311828,1.27787391131756,0.97,100
"EpiLPS (MALA)","negbin","gradual20_1.1_to_1.3","1.1 → 1.3",100,2000,"20",100,46,23,23,1.1,1.11765966786591,0.939358022681376,1.33008335529486,0.948737667397008,1.25467781542969,0.96,100
"EpiLPS (MALA)","negbin","gradual20_1.1_to_1.3","1.1 → 1.3",100,2000,"20",100,46,24,24,1.1,1.11106295670296,0.934376109824996,1.32236180621394,0.945367637542893,1.24747506050387,0.97,100
"EpiLPS (MALA)","negbin","gradual20_1.1_to_1.3","1.1 → 1.3",100,2000,"20",100,46,25,25,1.1,1.10745968596357,0.928631117151015,1.32059368444855,0.9429101577489,1.24899034786136,0.99,100
"EpiLPS (MALA)","negbin","gradual20_1.1_to_1.3","1.1 → 1.3",100,2000,"20",100,46,26,26,1.1,1.10438898538976,0.927350582667324,1.31201427579645,0.947129072866434,1.26130947389611,0.99,100
"EpiLPS (MALA)","negbin","gradual20_1.1_to_1.3","1.1 → 1.3",100,2000,"20",100,46,27,27,1.1,1.10141742793846,0.925878827958568,1.30513806700169,0.959682127048459,1.24202878397751,0.96,100
"EpiLPS (MALA)","negbin","gradual20_1.1_to_1.3","1.1 → 1.3",100,2000,"20",100,46,28,28,1.1,1.09839108271895,0.921317797640723,1.30632461273446,0.955041688032822,1.24503126138265,0.98,100
"EpiLPS (MALA)","negbin","gradual20_1.1_to_1.3","1.1 → 1.3",100,2000,"20",100,46,29,29,1.1,1.09475193448318,0.91913623569808,1.30193078738004,0.94114123399749,1.252297688578,0.98,100
"EpiLPS (MALA)","negbin","gradual20_1.1_to_1.3","1.1 → 1.3",100,2000,"20",100,46,30,30,1.1,1.0916246000805,0.919130820550845,1.29217644338509,0.944224288015617,1.25388621819277,0.98,100
"EpiLPS (MALA)","negbin","gradual20_1.1_to_1.3","1.1 → 1.3",100,2000,"20",100,46,31,31,1.1,1.08808302777415,0.915750251759603,1.28497074181436,0.943393339947683,1.25200847282587,0.98,100
"EpiLPS (MALA)","negbin","gradual20_1.1_to_1.3","1.1 → 1.3",100,2000,"20",100,46,32,32,1.1,1.08506872680031,0.911845902590618,1.28075471796143,0.950857351612239,1.23412365453126,0.96,100
"EpiLPS (MALA)","negbin","gradual20_1.1_to_1.3","1.1 → 1.3",100,2000,"20",100,46,33,33,1.1,1.08285871611582,0.911978557772843,1.27654166339993,0.956821701407648,1.21523291671851,0.96,100
"EpiLPS (MALA)","negbin","gradual20_1.1_to_1.3","1.1 → 1.3",100,2000,"20",100,46,34,34,1.1,1.08145398055421,0.912182148293025,1.27864777100199,0.952487246370682,1.21798635446691,0.97,100
"EpiLPS (MALA)","negbin","gradual20_1.1_to_1.3","1.1 → 1.3",100,2000,"20",100,46,35,35,1.1,1.08194072217645,0.910531956795119,1.287528688083,0.950123358986521,1.23188266311563,1,100
"EpiLPS (MALA)","negbin","gradual20_1.1_to_1.3","1.1 → 1.3",100,2000,"20",100,46,36,36,1.1,1.08439606932895,0.913607397640098,1.29138083911598,0.957117127934765,1.23879062574708,1,100
"EpiLPS (MALA)","negbin","gradual20_1.1_to_1.3","1.1 → 1.3",100,2000,"20",100,46,37,37,1.1,1.08796555449705,0.917229788976437,1.29492564523183,0.938844299600612,1.23992057369539,1,100
"EpiLPS (MALA)","negbin","gradual20_1.1_to_1.3","1.1 → 1.3",100,2000,"20",100,46,38,38,1.1,1.09334501721133,0.917648119614233,1.30233499137149,0.928879483002358,1.24224742058637,0.97,100
"EpiLPS (MALA)","negbin","gradual20_1.1_to_1.3","1.1 → 1.3",100,2000,"20",100,46,39,39,1.1,1.09937677153314,0.920546912108807,1.30955103567183,0.92673090517209,1.2628491111327,0.96,100
"EpiLPS (MALA)","negbin","gradual20_1.1_to_1.3","1.1 → 1.3",100,2000,"20",100,46,40,40,1.1,1.10434012810181,0.929514783569579,1.31302248667179,0.945064639076344,1.27686301735281,0.97,100
"EpiLPS (MALA)","negbin","gradual20_1.1_to_1.3","1.1 → 1.3",100,2000,"20",100,46,41,41,1.1,1.10783508886338,0.934650251336155,1.31764241001636,0.957444196109247,1.27629943243831,0.98,100
"EpiLPS (MALA)","negbin","gradual20_1.1_to_1.3","1.1 → 1.3",100,2000,"20",100,46,42,42,1.1,1.10998147109391,0.934998015189803,1.32275642286898,0.964517721129972,1.28522705266608,0.97,100
"EpiLPS (MALA)","negbin","gradual20_1.1_to_1.3","1.1 → 1.3",100,2000,"20",100,46,43,43,1.1,1.1117227221818,0.937695591239817,1.31995172913982,0.957654146219271,1.28190265701134,0.96,100
"EpiLPS (MALA)","negbin","gradual20_1.1_to_1.3","1.1 → 1.3",100,2000,"20",100,46,44,44,1.1,1.11212920985605,0.939379217500963,1.31835080262281,0.962763003004365,1.26163331179112,0.97,100
"EpiLPS (MALA)","negbin","gradual20_1.1_to_1.3","1.1 → 1.3",100,2000,"20",100,46,45,45,1.1,1.11154060271639,0.936323663249062,1.32225558921344,0.960712421690834,1.26971426855193,0.96,100
"EpiLPS (MALA)","negbin","gradual20_1.1_to_1.3","1.1 → 1.3",100,2000,"20",100,46,46,46,1.1,1.11085258688103,0.93398470329379,1.32008535993724,0.948015623996932,1.26928040662241,0.96,100
"EpiLPS (MALA)","negbin","gradual20_1.1_to_1.3","1.1 → 1.3",100,2000,"20",100,46,47,47,1.1,1.11013264686044,0.935693140451467,1.31469673255163,0.949237066475978,1.25437436075971,0.97,100
"EpiLPS (MALA)","negbin","gradual20_1.1_to_1.3","1.1 → 1.3",100,2000,"20",100,46,48,48,1.1,1.10999262850817,0.93508646352565,1.31596909731881,0.958352310621217,1.24501868554799,0.98,100
"EpiLPS (MALA)","negbin","gradual20_1.1_to_1.3","1.1 → 1.3",100,2000,"20",100,46,49,49,1.1,1.1112024151094,0.93544771109989,1.31853864131381,0.964641945315265,1.24844145762005,0.99,100
"EpiLPS (MALA)","negbin","gradual20_1.1_to_1.3","1.1 → 1.3",100,2000,"20",100,46,50,50,1.11,1.11412167945538,0.94073694784249,1.32134890163982,0.973882498242944,1.25355885955312,0.98,100
"EpiLPS (MALA)","negbin","gradual20_1.1_to_1.3","1.1 → 1.3",100,2000,"20",100,46,51,51,1.12,1.11966554677328,0.945626150782935,1.32488094512876,0.979725977795789,1.27903798325006,0.98,100
"EpiLPS (MALA)","negbin","gradual20_1.1_to_1.3","1.1 → 1.3",100,2000,"20",100,46,52,52,1.13,1.12633682116022,0.94773252943118,1.33314017288865,0.97679077140701,1.30761168708762,0.97,100
"EpiLPS (MALA)","negbin","gradual20_1.1_to_1.3","1.1 → 1.3",100,2000,"20",100,46,53,53,1.14,1.133697979167,0.954277017782588,1.34132772078368,0.979399187525036,1.35316274423167,0.94,100
"EpiLPS (MALA)","negbin","gradual20_1.1_to_1.3","1.1 → 1.3",100,2000,"20",100,46,54,54,1.15,1.14076979388755,0.963766311828801,1.34915751851569,0.984012228655382,1.3721045400552,0.92,100
"EpiLPS (MALA)","negbin","gradual20_1.1_to_1.3","1.1 → 1.3",100,2000,"20",100,46,55,55,1.16,1.14745767540382,0.969849185258988,1.36241643624247,0.997873313619832,1.3485262561737,0.95,100
"EpiLPS (MALA)","negbin","gradual20_1.1_to_1.3","1.1 → 1.3",100,2000,"20",100,46,56,56,1.17,1.15524111717726,0.977124283158372,1.37608112787151,1.01230669170078,1.31528469415783,0.96,100
"EpiLPS (MALA)","negbin","gradual20_1.1_to_1.3","1.1 → 1.3",100,2000,"20",100,46,57,57,1.18,1.16384816201896,0.985723231594851,1.38345846963668,1.02277639138585,1.33486317677818,0.96,100
"EpiLPS (MALA)","negbin","gradual20_1.1_to_1.3","1.1 → 1.3",100,2000,"20",100,46,58,58,1.19,1.17272032832315,0.992528356074178,1.39026094811345,1.03118076934556,1.35292922997239,0.95,100
"EpiLPS (MALA)","negbin","gradual20_1.1_to_1.3","1.1 → 1.3",100,2000,"20",100,46,59,59,1.2,1.18178611225732,0.997133995119995,1.40213935971606,1.04288207497574,1.37076942190252,0.99,100
"EpiLPS (MALA)","negbin","gradual20_1.1_to_1.3","1.1 → 1.3",100,2000,"20",100,46,60,60,1.21,1.19119434579997,1.00475546215817,1.41028051649874,1.04364627275987,1.36597598054956,0.99,100
"EpiLPS (MALA)","negbin","gradual20_1.1_to_1.3","1.1 → 1.3",100,2000,"20",100,46,61,61,1.22,1.19967694294208,1.01215690906816,1.4191403972554,1.0455958829061,1.37781982494602,0.97,100
"EpiLPS (MALA)","negbin","gradual20_1.1_to_1.3","1.1 → 1.3",100,2000,"20",100,46,62,62,1.23,1.20795455633528,1.01596106847025,1.43173319173729,1.04953552024336,1.38591403727906,0.96,100
"EpiLPS (MALA)","negbin","gradual20_1.1_to_1.3","1.1 → 1.3",100,2000,"20",100,46,63,63,1.24,1.21612137501999,1.02323163053392,1.44291975779378,1.04448461172107,1.41949360441662,0.97,100
"EpiLPS (MALA)","negbin","gradual20_1.1_to_1.3","1.1 → 1.3",100,2000,"20",100,46,64,64,1.25,1.22348346774419,1.03242649992818,1.44844695762802,1.04731429945633,1.45448644807314,0.95,100
"EpiLPS (MALA)","negbin","gradual20_1.1_to_1.3","1.1 → 1.3",100,2000,"20",100,46,65,65,1.26,1.23091188149862,1.03894113957802,1.45923742700612,1.05061318900824,1.47405204258886,0.93,100
"EpiLPS (MALA)","negbin","gradual20_1.1_to_1.3","1.1 → 1.3",100,2000,"20",100,46,66,66,1.27,1.23868115263399,1.04218644073945,1.47002886936619,1.06786914345724,1.47665142893085,0.95,100
"EpiLPS (MALA)","negbin","gradual20_1.1_to_1.3","1.1 → 1.3",100,2000,"20",100,46,67,67,1.28,1.24560953528775,1.04964371697418,1.47529718078119,1.07537200369005,1.46416917357044,0.94,100
"EpiLPS (MALA)","negbin","gradual20_1.1_to_1.3","1.1 → 1.3",100,2000,"20",100,46,68,68,1.29,1.25285228852785,1.05681092068549,1.48531413222557,1.08337396472317,1.44277972963031,0.93,100
"EpiLPS (MALA)","negbin","gradual20_1.1_to_1.3","1.1 → 1.3",100,2000,"20",100,46,69,69,1.3,1.26110068805713,1.06163579203604,1.49814349536491,1.08567626334697,1.45086231387283,0.95,100
"EpiLPS (MALA)","negbin","gradual20_1.1_to_1.3","1.1 → 1.3",100,2000,"20",100,46,70,70,1.3,1.26960141962242,1.06935101371888,1.50579395935729,1.091043388243,1.4499545168879,0.95,100
"EpiLPS (MALA)","negbin","gradual20_1.1_to_1.3","1.1 → 1.3",100,2000,"20",100,46,71,71,1.3,1.27820855510262,1.07928282022396,1.51124905714199,1.10305890714459,1.43795444285087,0.98,100
"EpiLPS (MALA)","negbin","gradual20_1.1_to_1.3","1.1 → 1.3",100,2000,"20",100,46,72,72,1.3,1.28628164074122,1.08559543888733,1.52206705957429,1.1217223641412,1.44928644012441,0.98,100
"EpiLPS (MALA)","negbin","gradual20_1.1_to_1.3","1.1 → 1.3",100,2000,"20",100,46,73,73,1.3,1.29201877711605,1.09150660844517,1.53113912185297,1.14218055399793,1.45444681784594,0.98,100
"EpiLPS (MALA)","negbin","gradual20_1.1_to_1.3","1.1 → 1.3",100,2000,"20",100,46,74,74,1.3,1.29653827447042,1.09909551906378,1.53416974805391,1.13340401144782,1.46467608388746,0.99,100
"EpiLPS (MALA)","negbin","gradual20_1.1_to_1.3","1.1 → 1.3",100,2000,"20",100,46,75,75,1.3,1.30040928331884,1.10203633842032,1.54101845440367,1.1147017540574,1.47138639445783,0.99,100
"EpiLPS (MALA)","negbin","gradual20_1.1_to_1.3","1.1 → 1.3",100,2000,"20",100,46,76,76,1.3,1.30323969248765,1.1014554779756,1.54798710014742,1.10137626603201,1.47621693962901,1,100
"EpiLPS (MALA)","negbin","gradual20_1.1_to_1.3","1.1 → 1.3",100,2000,"20",100,46,77,77,1.3,1.30434302758418,1.10165721567275,1.54777820581525,1.11894772044512,1.47417439189521,1,100
"EpiLPS (MALA)","negbin","gradual20_1.1_to_1.3","1.1 → 1.3",100,2000,"20",100,46,78,78,1.3,1.30356372377159,1.10011328980761,1.54638381277561,1.12400842295327,1.47887082728723,1,100
"EpiLPS (MALA)","negbin","gradual20_1.1_to_1.3","1.1 → 1.3",100,2000,"20",100,46,79,79,1.3,1.302786767131,1.09613132331865,1.54751045098579,1.12054570329573,1.46994894427229,0.99,100
"EpiLPS (MALA)","negbin","gradual20_1.1_to_1.3","1.1 → 1.3",100,2000,"20",100,46,80,80,1.3,1.30207400674542,1.09521010601004,1.5442901389239,1.11802528382342,1.45439928080294,0.99,100
"EpiLPS (MALA)","negbin","gradual20_1.1_to_1.3","1.1 → 1.3",100,2000,"20",100,46,81,81,1.3,1.3010117746991,1.09877272801737,1.53911977629565,1.12388255309206,1.45681510025228,0.98,100
"EpiLPS (MALA)","negbin","gradual20_1.1_to_1.3","1.1 → 1.3",100,2000,"20",100,46,82,82,1.3,1.30008409557594,1.09948521442466,1.53967279410377,1.13097858525689,1.4394665554672,0.98,100
"EpiLPS (MALA)","negbin","gradual20_1.1_to_1.3","1.1 → 1.3",100,2000,"20",100,46,83,83,1.3,1.30040697779041,1.09856001307562,1.54447755941195,1.13430384979305,1.45296036295389,0.99,100
"EpiLPS (MALA)","negbin","gradual20_1.1_to_1.3","1.1 → 1.3",100,2000,"20",100,46,84,84,1.3,1.3023338006554,1.10025428067597,1.54449837150679,1.14142417096263,1.45879291988703,1,100
"EpiLPS (MALA)","negbin","gradual20_1.1_to_1.3","1.1 → 1.3",100,2000,"20",100,46,85,85,1.3,1.30449193703925,1.10240043163627,1.54616215209787,1.15565413421635,1.47194295476843,1,100
"EpiLPS (MALA)","negbin","gradual20_1.1_to_1.3","1.1 → 1.3",100,2000,"20",100,46,86,86,1.3,1.3058462975107,1.0995916941672,1.549648778736,1.14964285318143,1.477505427629,0.99,100
"EpiLPS (MALA)","negbin","gradual20_1.1_to_1.3","1.1 → 1.3",100,2000,"20",100,46,87,87,1.3,1.30658010125671,1.10110917844901,1.54834471411071,1.13814381536928,1.4802231734335,1,100
"EpiLPS (MALA)","negbin","gradual20_1.1_to_1.3","1.1 → 1.3",100,2000,"20",100,46,88,88,1.3,1.30766416190633,1.10543205286257,1.54618908211339,1.14844598203895,1.49658060503506,0.99,100
"EpiLPS (MALA)","negbin","gradual20_1.1_to_1.3","1.1 → 1.3",100,2000,"20",100,46,89,89,1.3,1.30792588728345,1.10597735553795,1.54975643448767,1.13986062385096,1.50345641629403,0.98,100
"EpiLPS (MALA)","negbin","gradual20_1.1_to_1.3","1.1 → 1.3",100,2000,"20",100,46,90,90,1.3,1.30837416661667,1.10587350735988,1.55317205335274,1.14254691734218,1.50468146613546,0.97,100
"EpiLPS (MALA)","negbin","gradual20_1.1_to_1.3","1.1 → 1.3",100,2000,"20",100,46,91,91,1.3,1.30802297338665,1.10745412400931,1.55157577054339,1.140992906966,1.49898980702958,0.96,100
"EpiLPS (MALA)","negbin","gradual20_1.1_to_1.3","1.1 → 1.3",100,2000,"20",100,46,92,92,1.3,1.30730396221296,1.10558545294506,1.55086535566928,1.13415160258927,1.52242564257974,0.96,100
"EpiLPS (MALA)","negbin","gradual20_1.1_to_1.3","1.1 → 1.3",100,2000,"20",100,46,93,93,1.3,1.30581178789061,1.10032140216814,1.55325723801542,1.13754356960714,1.53375781047264,0.94,100
"EpiLPS (MALA)","negbin","gradual20_1.1_to_1.3","1.1 → 1.3",100,2000,"20",100,46,94,94,1.3,1.30231558413433,1.09772259578304,1.54733927593392,1.13940097441815,1.5561300542256,0.94,100
"EpiLPS (MALA)","negbin","gradual20_1.1_to_1.3","1.1 → 1.3",100,2000,"20",100,46,95,95,1.3,1.29911184739766,1.09486393692193,1.54181840433476,1.12873249483262,1.56456190527796,0.94,100
"EpiLPS (MALA)","negbin","gradual20_1.1_to_1.3","1.1 → 1.3",100,2000,"20",100,46,96,96,1.3,1.29561771897579,1.08885272994582,1.54245606679293,1.13896302894625,1.55127987871882,0.97,100
"EpiLPS (MALA)","negbin","gradual20_1.1_to_1.3","1.1 → 1.3",100,2000,"20",100,46,97,97,1.3,1.29266677882936,1.07993299880644,1.54670452299983,1.13477455326256,1.50135641037835,0.97,100
"EpiLPS (MALA)","negbin","gradual20_1.1_to_1.3","1.1 → 1.3",100,2000,"20",100,46,98,98,1.3,1.29005409079895,1.06179610117176,1.56730354168205,1.1011602881234,1.50065872171727,0.98,100
"EpiLPS (MALA)","negbin","gradual20_1.1_to_1.3","1.1 → 1.3",100,2000,"20",100,46,99,99,1.3,1.2884935861119,1.02237294634932,1.63051826825667,1.06623448265007,1.56508859761301,0.96,100
"EpiLPS (MALA)","negbin","gradual20_1.1_to_1.3","1.1 → 1.3",100,2000,"20",100,46,100,100,1.3,1.28808040814686,0.96506194873729,1.74264529085583,1.02322658533234,1.62846724015079,0.98,100
