"estimator","data_model","arm","a_mean","a_sd","window","n_cells","bias","rmse","coverage","ci_width","n_failed","secs","mean_rho"
"EpiEstim","poisson","Correct SI",7.5,3.4,"13-100",8800,0.00030533565828394,0.0458100636722504,0.951931818181818,0.177875124885701,0,0.8,NA
"EpiEstim","poisson","Correct SI",7.5,3.4,"13-24",1200,0.00184449279036034,0.0592724949940912,0.954166666666667,0.233946287540153,0,0.8,NA
"EpiEstim","poisson","Correct SI",7.5,3.4,"25-49",2500,0.00103089423269341,0.0518655244665031,0.9532,0.207863696562765,0,0.8,NA
"EpiEstim","poisson","Correct SI",7.5,3.4,"50-69",2000,-0.000794450889120523,0.0457843607805447,0.9465,0.183098386533384,0,0.8,NA
"EpiEstim","poisson","Correct SI",7.5,3.4,"70-100",3100,-0.000166055277105187,0.0327944412389898,0.953548387096774,0.128615980474937,0,0.8,NA
"EpiFilter (smoother)","poisson","Correct SI",7.5,3.4,"13-100",8800,-0.000319318181818206,0.0346749516614987,0.980227272727273,0.153218181818182,0,4.2,NA
"EpiFilter (smoother)","poisson","Correct SI",7.5,3.4,"13-24",1200,0.000674999999999984,0.0411511441720235,0.983333333333333,0.1897,0,4.2,NA
"EpiFilter (smoother)","poisson","Correct SI",7.5,3.4,"25-49",2500,0.000339999999999983,0.0373443436145288,0.9876,0.173804,0,4.2,NA
"EpiFilter (smoother)","poisson","Correct SI",7.5,3.4,"50-69",2000,-0.00136000000000004,0.035665109000254,0.976,0.15906,0,4.2,NA
"EpiFilter (smoother)","poisson","Correct SI",7.5,3.4,"70-100",3100,-0.000564516129032281,0.0285007074049162,0.975806451612903,0.118725806451613,0,4.2,NA
"EpiLPS (MAP)","negbin","Correct SI",7.5,3.4,"13-100",8800,0.0568437495899382,0.300083495552339,0.902159090909091,0.441524704631283,0,0.6,21.9070120920687
"EpiLPS (MAP)","negbin","Correct SI",7.5,3.4,"13-24",1200,0.444869009944927,0.779546171805232,0.550833333333333,0.622673162195506,0,0.6,21.9070120920687
"EpiLPS (MAP)","negbin","Correct SI",7.5,3.4,"25-49",2500,0.000832359625558891,0.0814944652780909,0.9624,0.374928514383549,0,0.6,21.9070120920687
"EpiLPS (MAP)","negbin","Correct SI",7.5,3.4,"50-69",2000,-0.0168590624017109,0.0896962053082646,0.9485,0.399917272246594,0,0.6,21.9070120920687
"EpiLPS (MAP)","negbin","Correct SI",7.5,3.4,"70-100",3100,-0.00063889993642929,0.0992163633151077,0.959677419354839,0.451952830860845,0,0.6,21.9070120920687
"EpiLPS (MALA)","negbin","Correct SI",7.5,3.4,"13-100",8800,0.0555286306311951,0.300059327341908,0.917045454545454,0.449388779014806,0,39.2,22.361360788728
"EpiLPS (MALA)","negbin","Correct SI",7.5,3.4,"13-24",1200,0.443314428085481,0.77928326802575,0.57,0.63159221850266,0,39.2,22.361360788728
"EpiLPS (MALA)","negbin","Correct SI",7.5,3.4,"25-49",2500,-0.000709927890471752,0.0813899899202348,0.9756,0.380101731135171,0,39.2,22.361360788728
"EpiLPS (MALA)","negbin","Correct SI",7.5,3.4,"50-69",2000,-0.0188384275264617,0.0905598482880741,0.957,0.405625296857387,0,39.2,22.361360788728
"EpiLPS (MALA)","negbin","Correct SI",7.5,3.4,"70-100",3100,-0.00124957721579254,0.0993712276737388,0.978387096774194,0.462969571475613,0,39.2,22.361360788728
"EpiEstim","poisson","Mean -60%",3,3.4,"13-100",8800,-0.121226045510838,0.144037828129329,0.386022727272727,0.161979886804811,0,0.8,NA
"EpiEstim","poisson","Mean -60%",3,3.4,"13-24",1200,-0.0567330710749808,0.084581287381302,0.7975,0.221503952609285,0,0.8,NA
"EpiEstim","poisson","Mean -60%",3,3.4,"25-49",2500,-0.06018917840331,0.0816105259931621,0.752,0.196297128889207,0,0.8,NA
"EpiEstim","poisson","Mean -60%",3,3.4,"50-69",2000,-0.124574732527681,0.138806653884852,0.2785,0.164695576067722,0,0.8,NA
"EpiEstim","poisson","Mean -60%",3,3.4,"70-100",3100,-0.193253904561857,0.195763700534658,0.000967741935483871,0.109511060126689,0,0.8,NA
"EpiFilter (smoother)","poisson","Mean -60%",3,3.4,"13-100",8800,-0.122379545454545,0.140810962899652,0.379431818181818,0.140390909090909,0,2.7,NA
"EpiFilter (smoother)","poisson","Mean -60%",3,3.4,"13-24",1200,-0.0587916666666667,0.0699076772131169,0.839166666666667,0.180875,0,2.7,NA
"EpiFilter (smoother)","poisson","Mean -60%",3,3.4,"25-49",2500,-0.0613240000000001,0.071014083110324,0.7664,0.16536,0,2.7,NA
"EpiFilter (smoother)","poisson","Mean -60%",3,3.4,"50-69",2000,-0.12561,0.135991176184339,0.208,0.144515,0,2.7,NA
"EpiFilter (smoother)","poisson","Mean -60%",3,3.4,"70-100",3100,-0.194148387096774,0.19594666818855,0,0.101922580645161,0,2.7,NA
"EpiLPS (MAP)","negbin","Mean -60%",3,3.4,"13-100",8800,-0.11887953075119,0.142456216206022,0.400795454545455,0.173451606310742,0,0.6,21.9070120920687
"EpiLPS (MAP)","negbin","Mean -60%",3,3.4,"13-24",1200,-0.017896653806177,0.0551119456083393,0.903333333333333,0.178758505139177,0,0.6,21.9070120920687
"EpiLPS (MAP)","negbin","Mean -60%",3,3.4,"25-49",2500,-0.0613952495489471,0.0690024853064301,0.7828,0.164860634784891,0,0.6,21.9070120920687
"EpiLPS (MAP)","negbin","Mean -60%",3,3.4,"50-69",2000,-0.132944743698598,0.142920570248081,0.2025,0.167111321309841,0,0.6,21.9070120920687
"EpiLPS (MAP)","negbin","Mean -60%",3,3.4,"70-100",3100,-0.195253637023708,0.198530471383279,0.0261290322580645,0.182416032188905,0,0.6,21.9070120920687
"EpiLPS (MALA)","negbin","Mean -60%",3,3.4,"13-100",8800,-0.119408990511417,0.142872597750507,0.396477272727273,0.178057028944017,0,39.9,22.361360788728
"EpiLPS (MALA)","negbin","Mean -60%",3,3.4,"13-24",1200,-0.0184431410932647,0.0554784335859314,0.901666666666667,0.184600594083016,0,39.9,22.361360788728
"EpiLPS (MALA)","negbin","Mean -60%",3,3.4,"25-49",2500,-0.0621405011767627,0.0696684438237011,0.7528,0.168506413597208,0,39.9,22.361360788728
"EpiLPS (MALA)","negbin","Mean -60%",3,3.4,"50-69",2000,-0.133876589751551,0.144035208836378,0.2135,0.171215254611112,0,39.9,22.361360788728
"EpiLPS (MALA)","negbin","Mean -60%",3,3.4,"70-100",3100,-0.195342875723724,0.198633034977301,0.0316129032258065,0.187640193094352,0,39.9,22.361360788728
"EpiEstim","poisson","Mean +60%",12,3.4,"13-100",8800,0.130284479012749,0.159010083796716,0.430340909090909,0.194354725489368,0,0.8,NA
"EpiEstim","poisson","Mean +60%",12,3.4,"13-24",1200,0.0493212829464305,0.0846791078873972,0.843333333333333,0.243885921764829,0,0.8,NA
"EpiEstim","poisson","Mean +60%",12,3.4,"25-49",2500,0.0665906322719173,0.0877102211066698,0.766,0.220217352011363,0,0.8,NA
"EpiEstim","poisson","Mean +60%",12,3.4,"50-69",2000,0.112635752582347,0.129644549337462,0.428,0.199882617172247,0,0.8,NA
"EpiEstim","poisson","Mean +60%",12,3.4,"70-100",3100,0.224377351590965,0.227927713678315,0.00129032258064516,0.150758020585723,0,0.8,NA
"EpiFilter (smoother)","poisson","Mean +60%",12,3.4,"13-100",8800,0.129877272727273,0.155125682182955,0.416363636363636,0.166495454545455,0,2.7,NA
"EpiFilter (smoother)","poisson","Mean +60%",12,3.4,"13-24",1200,0.0498,0.0709542105868284,0.854166666666667,0.196833333333333,0,2.7,NA
"EpiFilter (smoother)","poisson","Mean +60%",12,3.4,"25-49",2500,0.0659319999999999,0.0781176036498815,0.7572,0.18278,0,2.7,NA
"EpiFilter (smoother)","poisson","Mean +60%",12,3.4,"50-69",2000,0.112105,0.125146514134434,0.373,0.172105,0,2.7,NA
"EpiFilter (smoother)","poisson","Mean +60%",12,3.4,"70-100",3100,0.223909677419355,0.226575060552825,0,0.138,0,2.7,NA
"EpiLPS (MAP)","negbin","Mean +60%",12,3.4,"13-100",8800,2.17718284772799,13.4100563866846,0.696931818181818,1.76112208624388,0,0.6,21.9070120920687
"EpiLPS (MAP)","negbin","Mean +60%",12,3.4,"13-24",1200,15.085751878852,36.310746636564,0.144166666666667,9.53728497027217,0,0.6,21.9070120920687
"EpiLPS (MAP)","negbin","Mean +60%",12,3.4,"25-49",2500,0.0704610553062299,0.141084301904357,0.8844,0.461753982168572,0,0.6,21.9070120920687
"EpiLPS (MAP)","negbin","Mean +60%",12,3.4,"50-69",2000,0.0929031831265208,0.163417933021063,0.8735,0.505972463639336,0,0.6,21.9070120920687
"EpiLPS (MAP)","negbin","Mean +60%",12,3.4,"70-100",3100,0.223983161569461,0.274173143882918,0.645806451612903,0.608645971586904,0,0.6,21.9070120920687
"EpiLPS (MALA)","negbin","Mean +60%",12,3.4,"13-100",8800,2.17585433783032,13.4213545516074,0.70875,1.76550309098369,0,39.1,22.361360788728
"EpiLPS (MALA)","negbin","Mean +60%",12,3.4,"13-24",1200,15.0874940821888,36.3413838379651,0.144166666666667,9.51212980052042,0,39.1,22.361360788728
"EpiLPS (MALA)","negbin","Mean +60%",12,3.4,"25-49",2500,0.0682468994322747,0.139313934179749,0.8892,0.46665067890528,0,39.1,22.361360788728
"EpiLPS (MALA)","negbin","Mean +60%",12,3.4,"50-69",2000,0.0909131497102121,0.162850861462761,0.8975,0.511994727053008,0,39.1,22.361360788728
"EpiLPS (MALA)","negbin","Mean +60%",12,3.4,"70-100",3100,0.222607008477131,0.273149818762965,0.66,0.622985576987985,0,39.1,22.361360788728
"EpiEstim","poisson","SD -60%",7.5,1.36,"13-100",8800,0.00766081705642294,0.052986231744739,0.932272727272727,0.178990468953725,0,0.8,NA
"EpiEstim","poisson","SD -60%",7.5,1.36,"13-24",1200,0.0175882285680521,0.0868016233754796,0.871666666666667,0.237423378233791,0,0.8,NA
"EpiEstim","poisson","SD -60%",7.5,1.36,"25-49",2500,0.00209894925144411,0.0532702951306585,0.946,0.208070336422416,0,0.8,NA
"EpiEstim","poisson","SD -60%",7.5,1.36,"50-69",2000,0.00763116582763647,0.0482388880573,0.941,0.184335844034501,0,0.8,NA
"EpiEstim","poisson","SD -60%",7.5,1.36,"70-100",3100,0.0083224551712827,0.0355447966095436,0.939032258064516,0.129471143157157,0,0.8,NA
"EpiFilter (smoother)","poisson","SD -60%",7.5,1.36,"13-100",8800,0.0074465909090909,0.0429747547457172,0.960681818181818,0.154121590909091,0,2.7,NA
"EpiFilter (smoother)","poisson","SD -60%",7.5,1.36,"13-24",1200,0.01935,0.0738985791473693,0.875,0.192133333333333,0,2.7,NA
"EpiFilter (smoother)","poisson","SD -60%",7.5,1.36,"25-49",2500,0.00155600000000002,0.0387365460515003,0.9856,0.174104,0,2.7,NA
"EpiFilter (smoother)","poisson","SD -60%",7.5,1.36,"50-69",2000,0.00699999999999996,0.0383079626187559,0.976,0.159925,0,2.7,NA
"EpiFilter (smoother)","poisson","SD -60%",7.5,1.36,"70-100",3100,0.0078774193548387,0.0311738103479973,0.963870967741935,0.119548387096774,0,2.7,NA
"EpiLPS (MAP)","negbin","SD -60%",7.5,1.36,"13-100",8800,0.226832659699567,1.69974686273849,0.925681818181818,0.634681202958285,0,0.6,21.9070120920687
"EpiLPS (MAP)","negbin","SD -60%",7.5,1.36,"13-24",1200,1.64781663624484,4.59561354455725,0.689166666666667,1.53881917040375,0,0.6,21.9070120920687
"EpiLPS (MAP)","negbin","SD -60%",7.5,1.36,"25-49",2500,0.0025018481058089,0.091027836888457,0.9684,0.445115872505148,0,0.6,21.9070120920687
"EpiLPS (MAP)","negbin","SD -60%",7.5,1.36,"50-69",2000,-0.00901112887341126,0.0998784255888616,0.956,0.478610266157527,0,0.6,21.9070120920687
"EpiLPS (MAP)","negbin","SD -60%",7.5,1.36,"70-100",3100,0.00984357398215588,0.113824296412425,0.963225806451613,0.538258505796929,0,0.6,21.9070120920687
"EpiLPS (MALA)","negbin","SD -60%",7.5,1.36,"13-100",8800,0.226426253095152,1.70172481927575,0.939772727272727,0.643403549709167,0,40.9,22.361360788728
"EpiLPS (MALA)","negbin","SD -60%",7.5,1.36,"13-24",1200,1.64825150257693,4.60094209594696,0.699166666666667,1.54088431272969,0,40.9,22.361360788728
"EpiLPS (MALA)","negbin","SD -60%",7.5,1.36,"25-49",2500,0.00167787760935715,0.0911327257249449,0.9816,0.45210605051575,0,40.9,22.361360788728
"EpiLPS (MALA)","negbin","SD -60%",7.5,1.36,"50-69",2000,-0.0103628377613508,0.100468950765658,0.9695,0.485950273202283,0,40.9,22.361360788728
"EpiLPS (MALA)","negbin","SD -60%",7.5,1.36,"70-100",3100,0.0100581308530106,0.113989266691738,0.98,0.551846577248744,0,40.9,22.361360788728
"EpiEstim","poisson","SD +60%",7.5,5.44,"13-100",8800,-0.00556286623267689,0.0482182123167165,0.937159090909091,0.177395459971498,0,0.9,NA
"EpiEstim","poisson","SD +60%",7.5,5.44,"13-24",1200,0.0187016228500004,0.0648354539481304,0.931666666666667,0.237574323747718,0,0.9,NA
"EpiEstim","poisson","SD +60%",7.5,5.44,"25-49",2500,0.000116252048147442,0.0522879627350462,0.9552,0.207691551556844,0,0.9,NA
"EpiEstim","poisson","SD +60%",7.5,5.44,"50-69",2000,-0.0129684481994975,0.0481186771080712,0.936,0.181311459149596,0,0.9,NA
"EpiEstim","poisson","SD +60%",7.5,5.44,"70-100",3100,-0.0147577109641713,0.0356945360157085,0.925483870967742,0.127141632922781,0,0.9,NA
"EpiFilter (smoother)","poisson","SD +60%",7.5,5.44,"13-100",8800,-0.00880909090909094,0.0375160571682919,0.965795454545455,0.152472727272727,0,2.6,NA
"EpiFilter (smoother)","poisson","SD +60%",7.5,5.44,"13-24",1200,0.0135,0.0451626689497716,0.971666666666667,0.191516666666667,0,2.6,NA
"EpiFilter (smoother)","poisson","SD +60%",7.5,5.44,"25-49",2500,-0.00275999999999998,0.0371128010260611,0.988,0.17338,0,2.6,NA
"EpiFilter (smoother)","poisson","SD +60%",7.5,5.44,"50-69",2000,-0.015265,0.0390480473263389,0.9625,0.157565,0,2.6,NA
"EpiFilter (smoother)","poisson","SD +60%",7.5,5.44,"70-100",3100,-0.018158064516129,0.0333365052254306,0.947741935483871,0.117212903225807,0,2.6,NA
"EpiLPS (MAP)","negbin","SD +60%",7.5,5.44,"13-100",8800,0.0355842238015598,0.197032252815582,0.871818181818182,0.358476560828984,0,0.6,21.9070120920687
"EpiLPS (MAP)","negbin","SD +60%",7.5,5.44,"13-24",1200,0.353888661606527,0.493434506870005,0.4,0.459762712150973,0,0.6,21.9070120920687
"EpiLPS (MAP)","negbin","SD +60%",7.5,5.44,"25-49",2500,0.00377026304658318,0.0722689039437542,0.952,0.315214562250582,0,0.6,21.9070120920687
"EpiLPS (MAP)","negbin","SD +60%",7.5,5.44,"50-69",2000,-0.0296565008290328,0.0819316967937955,0.9325,0.329852257122207,0,0.6,21.9070120920687
"EpiLPS (MAP)","negbin","SD +60%",7.5,5.44,"70-100",3100,-0.0198831872362896,0.0860894301709284,0.950645161290323,0.372625019626782,0,0.6,21.9070120920687
"EpiLPS (MALA)","negbin","SD +60%",7.5,5.44,"13-100",8800,0.0340474348914925,0.196832675936604,0.88375,0.365359873952441,0,40.4,22.361360788728
"EpiLPS (MALA)","negbin","SD +60%",7.5,5.44,"13-24",1200,0.352206521164534,0.49244311933383,0.413333333333333,0.469128490710533,0,40.4,22.361360788728
"EpiLPS (MALA)","negbin","SD +60%",7.5,5.44,"25-49",2500,0.0019138107092436,0.0719293696928568,0.9668,0.319612948333535,0,40.4,22.361360788728
"EpiLPS (MALA)","negbin","SD +60%",7.5,5.44,"50-69",2000,-0.0317448435003499,0.083189628193802,0.9365,0.335061916354934,0,40.4,22.361360788728
"EpiLPS (MALA)","negbin","SD +60%",7.5,5.44,"70-100",3100,-0.0207500768144248,0.0864411330736019,0.964838709677419,0.381631128511334,0,40.4,22.361360788728
