"key","scenario","assumed_mean","assumed_sd","grid_value","rel_error","family","moments_correct","correct","family_ref","realised_mean","realised_sd","moment_drift","drift_ok","n_replicates","n_failed_fits","Coverage95","MCSE_Coverage","MeanCIWidth","Bias","MSE","RMSE","rho_hat","days_bias_exceeds_half","pct_bias_exceeds_half"
"gamma_bin_3.00_3.40","vary_mean",3,3.4,3,-0.6,"gamma_bin",FALSE,FALSE,FALSE,3.75700300886437,3.41668370768251,0.757003008864374,FALSE,100,0,0.340634920634921,0.00550658690752433,0.11881891147118,-0.0796972886493783,0.185702772486731,0.430932445386433,10.8103356083548,174,69.047619047619
"gamma_bin_4.50_3.40","vary_mean",4.5,3.4,4.5,-0.4,"gamma_bin",FALSE,FALSE,FALSE,4.64247766226413,3.36348551320289,0.14247766226413,TRUE,100,0,0.492629482071713,0.00675343943173947,0.14885257783746,-0.0584729621344494,0.0970815220533,0.311579078330526,10.8103356083548,NA,NA
"gamma_bin_6.00_3.40","vary_mean",6,3.4,6,-0.2,"gamma_bin",FALSE,FALSE,FALSE,6.0101762804531,3.40319564329874,0.0101762804531003,TRUE,100,0,0.72628,0.00704209679518304,0.192562796457849,-0.0341707113784152,0.0315334873687428,0.17757670840722,10.8103356083548,NA,NA
"gamma_bin_7.50_3.40","vary_mean",7.5,3.4,7.5,0,"gamma_bin",TRUE,FALSE,TRUE,7.49983993502948,3.41055509649589,0.0105550964958852,TRUE,100,0,0.862661290322581,0.00504405042983817,0.234696639861023,-0.0146057922206716,0.00980773114750615,0.0990339898595737,10.8103356083548,NA,NA
"gamma_bin_9.00_3.40","vary_mean",9,3.4,9,0.2,"gamma_bin",FALSE,FALSE,FALSE,8.99962794534134,3.41098012455305,0.0109801245530479,TRUE,100,0,0.853789539514828,0.0064178077478941,0.277386210152969,0.00469209819572013,0.019353473312955,0.139116761437848,10.8103356083548,NA,NA
"gamma_bin_10.50_3.40","vary_mean",10.5,3.4,10.5,0.4,"gamma_bin",FALSE,FALSE,FALSE,10.4995460398632,3.41082584820347,0.0108258482034684,TRUE,100,0,0.763997511199602,0.00859428204141629,0.311121697947194,0.0139213649827757,0.0281968258311186,0.167919105021193,10.8103356083548,NA,NA
"gamma_bin_12.00_3.40","vary_mean",12,3.4,12,0.6,"gamma_bin",FALSE,FALSE,FALSE,11.999313053143,3.41026811637252,0.0102681163725231,TRUE,100,0,0.666181103690211,0.00926854966563463,0.346068316719106,0.0292058079363116,0.0632846809019092,0.251564466691759,10.8103356083548,NA,NA
"gamma_bin_7.50_1.36","vary_sd",7.5,1.36,1.36,-0.6,"gamma_bin",FALSE,FALSE,FALSE,7.50000000230856,1.39029971586713,0.030299715867133,TRUE,100,0,0.883707251242553,0.00445391528092298,0.255361026858795,-0.0065180635246558,0.0230368878904122,0.151779075930815,10.8103356083548,NA,NA
"gamma_bin_7.50_2.04","vary_sd",7.5,2.04,2.04,-0.4,"gamma_bin",FALSE,FALSE,FALSE,7.50000000846283,2.06032356790458,0.0203235679045841,TRUE,100,0,0.881255060728745,0.00469083046672546,0.248236756021377,-0.0112461753051939,0.0111264291909404,0.105481890345881,10.8103356083548,NA,NA
"gamma_bin_7.50_2.72","vary_sd",7.5,2.72,2.72,-0.2,"gamma_bin",FALSE,FALSE,FALSE,7.49999838514813,2.73525802349106,0.0152580234910635,TRUE,100,0,0.870322580645161,0.00486940411095647,0.244835027011978,-0.00913597622069041,0.0142903458473778,0.119542234575809,10.8103356083548,NA,NA
"gamma_bin_7.50_3.40","vary_sd",7.5,3.4,3.4,0,"gamma_bin",TRUE,FALSE,TRUE,7.49983993502948,3.41055509649589,0.0105550964958852,TRUE,100,0,0.862661290322581,0.00504405042983817,0.234696639861023,-0.0146057922206716,0.00980773114750615,0.0990339898595737,10.8103356083548,NA,NA
"gamma_bin_7.50_4.08","vary_sd",7.5,4.08,4.08,0.2,"gamma_bin",FALSE,FALSE,FALSE,7.49844767775654,4.06963333915443,0.0103666608455688,TRUE,100,0,0.843855421686747,0.00530224960601171,0.227479563004186,-0.016878952466348,0.0112478066235814,0.106055676998364,10.8103356083548,NA,NA
"gamma_bin_7.50_4.76","vary_sd",7.5,4.76,4.76,0.4,"gamma_bin",FALSE,FALSE,FALSE,7.49406617301023,4.67559830140314,0.0844016985968628,TRUE,100,0,0.818828915662651,0.00584481283617811,0.21701067447619,-0.0227301183456099,0.013136847873097,0.11461608906736,10.8103356083548,NA,NA
"gamma_bin_7.50_5.44","vary_sd",7.5,5.44,5.44,0.6,"gamma_bin",FALSE,FALSE,FALSE,7.48611354056791,5.19697262640572,0.24302737359428,TRUE,100,0,0.7928,0.00619912017217693,0.209565889497215,-0.0281677994021999,0.0173160140165478,0.131590326455054,10.8103356083548,NA,NA
"gamma_discr_3.00_3.40","vary_mean",3,3.4,3,-0.6,"gamma_discr",FALSE,FALSE,FALSE,2.97598543434512,3.30019133941635,0.0998086605836463,TRUE,100,0,0.223650793650794,0.00349308364710245,0.0926023092462561,-0.088197240257396,0.254165866534969,0.504148655195041,10.8103356083548,196,77.7777777777778
"gamma_discr_4.50_3.40","vary_mean",4.5,3.4,4.5,-0.4,"gamma_discr",FALSE,FALSE,FALSE,4.49539306384931,3.40467370696461,0.004673706964613,TRUE,100,0,0.46402390438247,0.00653065780562072,0.143089384308527,-0.0612645252453093,0.109589170910203,0.331042551509927,10.8103356083548,NA,NA
"gamma_discr_6.00_3.40","vary_mean",6,3.4,6,-0.2,"gamma_discr",FALSE,FALSE,FALSE,5.99847230805418,3.41847863163456,0.0184786316345642,TRUE,100,0,0.7232,0.00711260085405409,0.191769824042964,-0.0350594469412121,0.0334289559790825,0.182835871696673,10.8103356083548,NA,NA
"gamma_discr_7.50_3.40","vary_mean",7.5,3.4,7.5,0,"gamma_discr",TRUE,TRUE,FALSE,7.499184039574,3.42146355684123,0.0214635568412334,TRUE,100,0,0.861088709677419,0.00506470155035979,0.234297630221816,-0.0151804901203644,0.0100948240829435,0.100473001761386,10.8103356083548,NA,NA
"gamma_discr_9.00_3.40","vary_mean",9,3.4,9,0.2,"gamma_discr",FALSE,FALSE,FALSE,8.99935755892163,3.42226566695936,0.0222656669593606,TRUE,100,0,0.853870346598203,0.00647709189153091,0.277094042333399,0.00421902343942405,0.0188177967135946,0.137177974593572,10.8103356083548,NA,NA
"gamma_discr_10.50_3.40","vary_mean",10.5,3.4,10.5,0.4,"gamma_discr",FALSE,FALSE,FALSE,10.4993097411262,3.42227893208092,0.0222789320809236,TRUE,100,0,0.76346706487473,0.00861651930718863,0.310842808688182,0.0135811268367354,0.0275827497644998,0.166080552035751,10.8103356083548,NA,NA
"gamma_discr_12.00_3.40","vary_mean",12,3.4,12,0.6,"gamma_discr",FALSE,FALSE,FALSE,11.9990523158052,3.42170954228975,0.0217095422897455,TRUE,100,0,0.665771436281455,0.00929644662601776,0.345807571262417,0.0288819268282259,0.0622994502103656,0.249598578141715,10.8103356083548,NA,NA
"gamma_discr_7.50_1.36","vary_sd",7.5,1.36,1.36,-0.6,"gamma_discr",FALSE,FALSE,FALSE,7.49999999999998,1.41995304916347,0.0599530491634674,TRUE,100,0,0.883504822092755,0.00448246746139975,0.254989037910368,-0.00694110265536667,0.021597902303696,0.146962247885966,10.8103356083548,NA,NA
"gamma_discr_7.50_2.04","vary_sd",7.5,2.04,2.04,-0.4,"gamma_discr",FALSE,FALSE,FALSE,7.49999999898917,2.08044865573259,0.040448655732586,TRUE,100,0,0.880971659919028,0.00470666736201526,0.24794355747926,-0.0114915479153454,0.0110265807224237,0.105007526979849,10.8103356083548,NA,NA
"gamma_discr_7.50_2.72","vary_sd",7.5,2.72,2.72,-0.2,"gamma_discr",FALSE,FALSE,FALSE,7.4999896436631,2.75042116068598,0.0304211606859788,TRUE,100,0,0.869516129032258,0.00486123517611921,0.244505255782566,-0.00960495292635197,0.0140909236944285,0.118705196577186,10.8103356083548,NA,NA
"gamma_discr_7.50_3.40","vary_sd",7.5,3.4,3.4,0,"gamma_discr",TRUE,TRUE,FALSE,7.499184039574,3.42146355684123,0.0214635568412334,TRUE,100,0,0.861088709677419,0.00506470155035979,0.234297630221816,-0.0151804901203644,0.0100948240829435,0.100473001761386,10.8103356083548,NA,NA
"gamma_discr_7.50_4.08","vary_sd",7.5,4.08,4.08,0.2,"gamma_discr",FALSE,FALSE,FALSE,7.49073079157401,4.07135591470238,0.00926920842598555,TRUE,100,0,0.841124497991968,0.00537610444149712,0.227058595718531,-0.0176483426679658,0.0118766794809955,0.108980179303374,10.8103356083548,NA,NA
"gamma_discr_7.50_4.76","vary_sd",7.5,4.76,4.76,0.4,"gamma_discr",FALSE,FALSE,FALSE,7.45822645299498,4.66003319554465,0.0999668044553523,TRUE,100,0,0.81594843373494,0.00576216171407206,0.215831788321385,-0.0239765892343326,0.0143899784042981,0.119958236083639,10.8103356083548,NA,NA
"gamma_discr_7.50_5.44","vary_sd",7.5,5.44,5.44,0.6,"gamma_discr",FALSE,FALSE,FALSE,7.38564727195859,5.15713313986878,0.282866860131218,FALSE,100,0,0.7896,0.00614886045121247,0.207186638278253,-0.0301448216872881,0.0198717248250984,0.140967105471803,10.8103356083548,NA,NA
"lnorm_3.00_3.40","vary_mean",3,3.4,3,-0.6,"lnorm",FALSE,FALSE,FALSE,3.15646435351103,3.09242443810292,0.307575561897081,FALSE,100,0,0.252460317460317,0.00395732823317738,0.101177559463331,-0.0840022887930866,0.222104288679639,0.47127941677909,10.8103356083548,188,74.6031746031746
"lnorm_4.50_3.40","vary_mean",4.5,3.4,4.5,-0.4,"lnorm",FALSE,FALSE,FALSE,4.4838157285776,3.28848343108843,0.111516568911568,TRUE,100,0,0.46406374501992,0.00638115874405788,0.144187562655003,-0.05949855860518,0.102316348775457,0.319869268257294,10.8103356083548,NA,NA
"lnorm_6.00_3.40","vary_mean",6,3.4,6,-0.2,"lnorm",FALSE,FALSE,FALSE,5.98795867770129,3.35897600113261,0.0410239988673937,TRUE,100,0,0.72312,0.00712612606731545,0.192595379164528,-0.0334477075105537,0.0336636438161427,0.18347654840917,10.8103356083548,NA,NA
"lnorm_7.50_3.40","vary_mean",7.5,3.4,7.5,0,"lnorm",TRUE,FALSE,FALSE,7.49279748523995,3.38373315627216,0.0162668437278439,TRUE,100,0,0.86,0.00505031755819274,0.234644198278867,-0.0155032130640166,0.0109000915839182,0.104403503695605,10.8103356083548,NA,NA
"lnorm_9.00_3.40","vary_mean",9,3.4,9,0.2,"lnorm",FALSE,FALSE,FALSE,8.99477871345955,3.39342846821609,0.0065715317839099,TRUE,100,0,0.854499687304565,0.00643750520323952,0.277509610307788,0.00387378298826091,0.0201834489824818,0.142068465827156,10.8103356083548,NA,NA
"lnorm_10.50_3.40","vary_mean",10.5,3.4,10.5,0.4,"lnorm",FALSE,FALSE,FALSE,10.4953827910559,3.39702636963133,0.0046172089441292,TRUE,100,0,0.76530612244898,0.00871028479969523,0.310829657448471,0.0124118170817577,0.0257788944411452,0.160558071865432,10.8103356083548,NA,NA
"lnorm_12.00_3.40","vary_mean",12,3.4,12,0.6,"lnorm",FALSE,FALSE,FALSE,11.9950791599945,3.39740527126605,0.0049208400054912,TRUE,100,0,0.667247183431154,0.00931060261107783,0.346343220029681,0.0283981126371284,0.0623076953113442,0.24961509431792,10.8103356083548,NA,NA
"lnorm_7.50_1.36","vary_sd",7.5,1.36,1.36,-0.6,"lnorm",FALSE,FALSE,FALSE,7.49999986891352,1.39030000004163,0.0303000000416325,TRUE,100,0,0.883545472499259,0.00447024649885796,0.255281506665086,-0.00678494234665332,0.0229181572561127,0.151387440879727,10.8103356083548,NA,NA
"lnorm_7.50_2.04","vary_sd",7.5,2.04,2.04,-0.4,"lnorm",FALSE,FALSE,FALSE,7.49999921049206,2.06031807707731,0.0203180770773113,TRUE,100,0,0.880607287449393,0.00464808325713029,0.247972302992652,-0.011837484591117,0.0112752638077276,0.106185045122784,10.8103356083548,NA,NA
"lnorm_7.50_2.72","vary_sd",7.5,2.72,2.72,-0.2,"lnorm",FALSE,FALSE,FALSE,7.49960513810332,2.73342936683426,0.0134293668342584,TRUE,100,0,0.868981161029124,0.00486999917532684,0.244745613773864,-0.0096012817626074,0.0157930812594362,0.125670526613985,10.8103356083548,NA,NA
"lnorm_7.50_3.40","vary_sd",7.5,3.4,3.4,0,"lnorm",TRUE,FALSE,FALSE,7.49279748523995,3.38373315627216,0.0162668437278439,TRUE,100,0,0.86,0.00505031755819274,0.234644198278867,-0.0155032130640166,0.0109000915839182,0.104403503695605,10.8103356083548,NA,NA
"lnorm_7.50_4.08","vary_sd",7.5,4.08,4.08,0.2,"lnorm",FALSE,FALSE,FALSE,7.46325537318176,3.95970218296354,0.12029781703646,TRUE,100,0,0.840059269335406,0.00534838212170012,0.228472667574843,-0.0164627144843358,0.0143264337883141,0.119693081622599,10.8103356083548,NA,NA
"lnorm_7.50_4.76","vary_sd",7.5,4.76,4.76,0.4,"lnorm",FALSE,FALSE,FALSE,7.39806300038036,4.42993700430337,0.330062995696627,FALSE,100,0,0.82293172690763,0.00578025132298926,0.218216560024518,-0.0229162402167324,0.0143052485365108,0.119604550651348,10.8103356083548,NA,NA
"lnorm_7.50_5.44","vary_sd",7.5,5.44,5.44,0.6,"lnorm",FALSE,FALSE,FALSE,7.29711286165052,4.79589144513657,0.644108554863431,FALSE,100,0,0.800080642570281,0.00599462862170328,0.209089359828483,-0.027438134871197,0.0181942705257643,0.134886139116532,10.8103356083548,NA,NA
"unif_3.00_3.40","vary_mean",3,3.4,3,-0.6,"unif",FALSE,FALSE,FALSE,4.70865216860955,2.42939735350828,1.70865216860955,FALSE,100,0,0.525737051792829,0.00638202300890078,0.162637850111937,-0.0484346569281698,0.0660194108910084,0.256942427191401,10.8103356083548,NA,NA
"unif_4.50_3.40","vary_mean",4.5,3.4,4.5,-0.4,"unif",FALSE,FALSE,FALSE,5.44947679025491,2.84828349114986,0.949476790254912,FALSE,100,0,0.647947888446215,0.00756402668524289,0.182651434526453,-0.0379428817031103,0.0392740943386925,0.198176926857524,10.8103356083548,NA,NA
"unif_6.00_3.40","vary_mean",6,3.4,6,-0.2,"unif",FALSE,FALSE,FALSE,6.20492071818147,3.29332617243515,0.204920718181475,TRUE,100,0,0.7564,0.00667211898254008,0.201577291388765,-0.0297094765944364,0.0222585430211851,0.149192972425597,10.8103356083548,NA,NA
"unif_7.50_3.40","vary_mean",7.5,3.4,7.5,0,"unif",TRUE,FALSE,FALSE,7.5,3.4016203054851,0.00162030548510517,TRUE,100,0,0.874819277108434,0.00516994431235784,0.2386255830879,-0.0107355287561671,0.00818826822122296,0.0904890502835728,10.8103356083548,NA,NA
"unif_9.00_3.40","vary_mean",9,3.4,9,0.2,"unif",FALSE,FALSE,FALSE,9,3.4230581230086,0.0230581230085991,TRUE,100,0,0.855472606765052,0.00641636372635931,0.277388812090354,0.00567490910142871,0.0149920046763543,0.12244184201634,10.8103356083548,NA,NA
"unif_10.50_3.40","vary_mean",10.5,3.4,10.5,0.4,"unif",FALSE,FALSE,FALSE,10.5,3.4016203054851,0.00162030548510517,TRUE,100,0,0.75592118798739,0.00852872623647297,0.315597017643161,0.0220621574778189,0.0402131319164968,0.200532121906932,10.8103356083548,NA,NA
"unif_12.00_3.40","vary_mean",12,3.4,12,0.6,"unif",FALSE,FALSE,FALSE,12,3.4230581230086,0.0230581230085991,TRUE,100,0,0.662601538976246,0.00909834882996185,0.345596858512662,0.0308111346562055,0.0593861596251247,0.243692756611937,10.8103356083548,NA,NA
"unif_7.50_1.36","vary_sd",7.5,1.36,1.36,-0.6,"unif",FALSE,FALSE,FALSE,7.5,1.41590163232805,0.0559016323280452,TRUE,100,0,0.884251012145749,0.00446554272001091,0.254587671675317,-0.00845895418608979,0.0149467679081628,0.122256974885537,10.8103356083548,NA,NA
"unif_7.50_2.04","vary_sd",7.5,2.04,2.04,-0.4,"unif",FALSE,FALSE,FALSE,7.5,2.0798039668523,0.0398039668522965,TRUE,100,0,0.881153682904532,0.00460674586330492,0.25215717763646,-0.00621538686074304,0.0164966480566384,0.128439277702105,10.8103356083548,NA,NA
"unif_7.50_2.72","vary_sd",7.5,2.72,2.72,-0.2,"unif",FALSE,FALSE,FALSE,7.5,2.74122824611298,0.0212282461129845,TRUE,100,0,0.877661290322581,0.00491188424735735,0.244557584284656,-0.00984601753869837,0.00879669698193342,0.0937907083987184,10.8103356083548,NA,NA
"unif_7.50_3.40","vary_sd",7.5,3.4,3.4,0,"unif",TRUE,FALSE,FALSE,7.5,3.4016203054851,0.00162030548510517,TRUE,100,0,0.874819277108434,0.00516994431235784,0.2386255830879,-0.0107355287561671,0.00818826822122296,0.0904890502835728,10.8103356083548,NA,NA
"unif_7.50_4.08","vary_sd",7.5,4.08,4.08,0.2,"unif",FALSE,FALSE,FALSE,7.53559842152147,4.0544532307698,0.0355984215214713,TRUE,100,0,0.864373172690763,0.00527248098827891,0.231727095695444,-0.0135768846336975,0.00793692122237136,0.0890894001684339,10.8103356083548,NA,NA
"unif_7.50_4.76","vary_sd",7.5,4.76,4.76,0.4,"unif",FALSE,FALSE,FALSE,8.12834050412471,4.40198344367336,0.628340504124708,FALSE,100,0,0.864997911646586,0.0058019399591209,0.241307069322562,-0.00824505216287815,0.00671235054130627,0.08192893592197,10.8103356083548,NA,NA
"unif_7.50_5.44","vary_sd",7.5,5.44,5.44,0.6,"unif",FALSE,FALSE,FALSE,8.71860622532081,4.74487604371029,1.21860622532081,FALSE,100,0,0.834859437751004,0.00717491402441743,0.251669960592562,-0.00150905937792243,0.00881666547523448,0.0938971004623385,10.8103356083548,NA,NA
"weibull_3.00_3.40","vary_mean",3,3.4,3,-0.6,"weibull",FALSE,FALSE,FALSE,3.6909205304937,3.40487323882316,0.690920530493703,FALSE,100,0,0.329880952380952,0.00541657600113467,0.116646067964167,-0.0804160343034072,0.190595739783716,0.43657271992615,10.8103356083548,179,71.031746031746
"weibull_4.50_3.40","vary_mean",4.5,3.4,4.5,-0.4,"weibull",FALSE,FALSE,FALSE,4.71463767682001,3.34682970518123,0.214637676820014,TRUE,100,0,0.507011952191235,0.00687164117988439,0.151591219398618,-0.0574600840593606,0.0929220122348409,0.304831120843724,10.8103356083548,NA,NA
"weibull_6.00_3.40","vary_mean",6,3.4,6,-0.2,"weibull",FALSE,FALSE,FALSE,6.05145205301907,3.38131273042736,0.051452053019073,TRUE,100,0,0.7322,0.00697687377532141,0.194417055811445,-0.0332090611760029,0.0290463375963633,0.170429861222625,10.8103356083548,NA,NA
"weibull_7.50_3.40","vary_mean",7.5,3.4,7.5,0,"weibull",TRUE,FALSE,FALSE,7.50993701584945,3.4034755804157,0.00993701584944784,TRUE,100,0,0.866566588936391,0.00501851758183248,0.236443614733237,-0.0120854388109801,0.00962409803757248,0.0981024874178656,10.8103356083548,NA,NA
"weibull_9.00_3.40","vary_mean",9,3.4,9,0.2,"weibull",FALSE,FALSE,FALSE,9.00160955601863,3.41039607319495,0.0103960731949537,TRUE,100,0,0.854777327935223,0.00637146896005756,0.277998390495413,0.00676880536359109,0.0203010842178498,0.142481873295693,10.8103356083548,NA,NA
"weibull_10.50_3.40","vary_mean",10.5,3.4,10.5,0.4,"weibull",FALSE,FALSE,FALSE,10.5002257305952,3.41190023287374,0.0119002328737414,TRUE,100,0,0.762788617886179,0.00854522032368241,0.312086228422286,0.0168310234129241,0.0331779453744504,0.182148141287388,10.8103356083548,NA,NA
"weibull_12.00_3.40","vary_mean",12,3.4,12,0.6,"weibull",FALSE,FALSE,FALSE,12.0000280948992,3.41216639351236,0.0121663935123588,TRUE,100,0,0.666754705525197,0.0092246049122115,0.346652799641733,0.0324418175009173,0.0716882021867524,0.267746526003144,10.8103356083548,NA,NA
"weibull_7.50_1.36","vary_sd",7.5,1.36,1.36,-0.6,"weibull",FALSE,FALSE,FALSE,7.50000017776687,1.39029981495296,0.030299814952955,TRUE,100,0,0.885121622066423,0.00440585718759238,0.255057801659668,-0.00577687688594786,0.023997973190801,0.154912792211622,10.8103356083548,NA,NA
"weibull_7.50_2.04","vary_sd",7.5,2.04,2.04,-0.4,"weibull",FALSE,FALSE,FALSE,7.50006807644003,2.06021272024086,0.0202127202408553,TRUE,100,0,0.88080971659919,0.00464053453880217,0.24915212040975,-0.00927858089923974,0.0115839351114772,0.107628690930798,10.8103356083548,NA,NA
"weibull_7.50_2.72","vary_sd",7.5,2.72,2.72,-0.2,"weibull",FALSE,FALSE,FALSE,7.5015634116734,2.73341607090399,0.0134160709039874,TRUE,100,0,0.873387096774194,0.0049351606834343,0.245509870376636,-0.00746319822896839,0.0134828734414542,0.116115776023132,10.8103356083548,NA,NA
"weibull_7.50_3.40","vary_sd",7.5,3.4,3.4,0,"weibull",TRUE,FALSE,FALSE,7.50993701584945,3.4034755804157,0.00993701584944784,TRUE,100,0,0.866566588936391,0.00501851758183248,0.236443614733237,-0.0120854388109801,0.00962409803757248,0.0981024874178656,10.8103356083548,NA,NA
"weibull_7.50_4.08","vary_sd",7.5,4.08,4.08,0.2,"weibull",FALSE,FALSE,FALSE,7.53334264788299,4.0678273535541,0.0333426478829866,TRUE,100,0,0.848955823293173,0.00522693221102731,0.228639656654969,-0.0157732455994323,0.00966842773943093,0.0983281635109236,10.8103356083548,NA,NA
"weibull_7.50_4.76","vary_sd",7.5,4.76,4.76,0.4,"weibull",FALSE,FALSE,FALSE,7.57128907899137,4.71041337823443,0.0712890789913745,TRUE,100,0,0.82113172690763,0.00581866173571327,0.220537868011502,-0.0202488998405609,0.0122557822342565,0.110705836495898,10.8103356083548,NA,NA
"weibull_7.50_5.44","vary_sd",7.5,5.44,5.44,0.6,"weibull",FALSE,FALSE,FALSE,7.59794020058467,5.27181300808945,0.168186991910546,TRUE,100,0,0.7914,0.00623742371059194,0.211340984085415,-0.0273062869974396,0.016251639605219,0.12748191873838,10.8103356083548,NA,NA
