"key","scenario","assumed_mean","assumed_sd","grid_value","rel_error","family","moments_correct","correct","family_ref","realised_mean","realised_sd","moment_drift","drift_ok","arm","n_replicates","n_failed","Coverage95","MCSE_Coverage","MeanCIWidth","Bias","MSE","RMSE","half_over_sd","days_bias_exceeds_half","pct_bias_exceeds_half"
"gamma_bin_3.00_3.40","vary_mean",3,3.4,3,-0.6,"gamma_bin",FALSE,FALSE,FALSE,3.75700300886437,3.41668370768251,0.757003008864374,FALSE,"filter",100,0,0.681788617886179,0.00226816625856739,0.341902845528455,-0.00641991869918699,0.0486200772357724,0.220499608244034,NA,NA,NA
"gamma_bin_4.50_3.40","vary_mean",4.5,3.4,4.5,-0.4,"gamma_bin",FALSE,FALSE,FALSE,4.64247766226413,3.36348551320289,0.14247766226413,TRUE,"filter",100,0,0.755731707317073,0.00211825029809373,0.341986585365854,-0.00390853658536585,0.0398415081300813,0.199603377050794,NA,NA,NA
"gamma_bin_6.00_3.40","vary_mean",6,3.4,6,-0.2,"gamma_bin",FALSE,FALSE,FALSE,6.0101762804531,3.40319564329874,0.0101762804531003,TRUE,"filter",100,0,0.880487804878049,0.00205497979513592,0.342421951219512,0.00175934959349594,0.0306559268292683,0.175088340072286,NA,NA,NA
"gamma_bin_7.50_3.40","vary_mean",7.5,3.4,7.5,0,"gamma_bin",TRUE,FALSE,TRUE,7.49983993502948,3.41055509649589,0.0105550964958852,TRUE,"filter",100,0,0.945691056910569,0.00154118881844921,0.343266260162602,0.0109186991869919,0.0278123577235772,0.166770374238284,NA,NA,NA
"gamma_bin_9.00_3.40","vary_mean",9,3.4,9,0.2,"gamma_bin",FALSE,FALSE,FALSE,8.99962794534134,3.41098012455305,0.0109801245530479,TRUE,"filter",100,0,0.842682926829268,0.00224629282126162,0.34444837398374,0.0240349593495935,0.0355969512195122,0.188671543216014,NA,NA,NA
"gamma_bin_10.50_3.40","vary_mean",10.5,3.4,10.5,0.4,"gamma_bin",FALSE,FALSE,FALSE,10.4995460398632,3.41082584820347,0.0108258482034684,TRUE,"filter",100,0,0.719837398373984,0.00262980550482577,0.346402032520325,0.044219512195122,0.065466837398374,0.255864881135286,NA,NA,NA
"gamma_bin_12.00_3.40","vary_mean",12,3.4,12,0.6,"gamma_bin",FALSE,FALSE,FALSE,11.999313053143,3.41026811637252,0.0102681163725231,TRUE,"filter",100,0,0.61219512195122,0.00297654705616756,0.350256910569106,0.081460162601626,0.196800235772358,0.443621725992267,NA,NA,NA
"gamma_bin_7.50_1.36","vary_sd",7.5,1.36,1.36,-0.6,"gamma_bin",FALSE,FALSE,FALSE,7.50000000230856,1.39029971586713,0.030299715867133,TRUE,"filter",100,0,0.851544715447154,0.00194264629935257,0.345115040650406,0.0170621951219512,0.0348619146341463,0.186713455953625,NA,NA,NA
"gamma_bin_7.50_2.04","vary_sd",7.5,2.04,2.04,-0.4,"gamma_bin",FALSE,FALSE,FALSE,7.50000000846283,2.06032356790458,0.0203235679045841,TRUE,"filter",100,0,0.901829268292683,0.00179239803756982,0.344380487804878,0.0147422764227642,0.0296742926829268,0.172262278758081,NA,NA,NA
"gamma_bin_7.50_2.72","vary_sd",7.5,2.72,2.72,-0.2,"gamma_bin",FALSE,FALSE,FALSE,7.49999838514813,2.73525802349106,0.0152580234910635,TRUE,"filter",100,0,0.933617886178862,0.00158237294430793,0.343867886178862,0.0130621951219512,0.0283412967479675,0.16834873551045,NA,NA,NA
"gamma_bin_7.50_3.40","vary_sd",7.5,3.4,3.4,0,"gamma_bin",TRUE,FALSE,TRUE,7.49983993502948,3.41055509649589,0.0105550964958852,TRUE,"filter",100,0,0.945691056910569,0.00154118881844921,0.343266260162602,0.0109186991869919,0.0278123577235772,0.166770374238284,NA,NA,NA
"gamma_bin_7.50_4.08","vary_sd",7.5,4.08,4.08,0.2,"gamma_bin",FALSE,FALSE,FALSE,7.49844767775654,4.06963333915443,0.0103666608455688,TRUE,"filter",100,0,0.949146341463415,0.00151163672148056,0.342516260162602,0.00824349593495936,0.0275856707317073,0.166089345629716,NA,NA,NA
"gamma_bin_7.50_4.76","vary_sd",7.5,4.76,4.76,0.4,"gamma_bin",FALSE,FALSE,FALSE,7.49406617301023,4.67559830140314,0.0844016985968628,TRUE,"filter",100,0,0.94390243902439,0.00156641186095214,0.341794308943089,0.00551910569105692,0.0276740365853659,0.166355151965203,NA,NA,NA
"gamma_bin_7.50_5.44","vary_sd",7.5,5.44,5.44,0.6,"gamma_bin",FALSE,FALSE,FALSE,7.48611354056791,5.19697262640572,0.24302737359428,TRUE,"filter",100,0,0.931056910569106,0.0017476475564306,0.341128048780488,0.00291260162601627,0.0280134430894309,0.167372169399309,NA,NA,NA
"gamma_discr_3.00_3.40","vary_mean",3,3.4,3,-0.6,"gamma_discr",FALSE,FALSE,FALSE,2.97598543434512,3.30019133941635,0.0998086605836463,TRUE,"filter",100,0,0.62650406504065,0.0020616942142456,0.342317886178862,-0.00633130081300812,0.0581595894308943,0.241162993493808,NA,NA,NA
"gamma_discr_4.50_3.40","vary_mean",4.5,3.4,4.5,-0.4,"gamma_discr",FALSE,FALSE,FALSE,4.49539306384931,3.40467370696461,0.004673706964613,TRUE,"filter",100,0,0.743089430894309,0.002070354932166,0.342120731707317,-0.00394634146341463,0.0414782926829268,0.203662202391428,NA,NA,NA
"gamma_discr_6.00_3.40","vary_mean",6,3.4,6,-0.2,"gamma_discr",FALSE,FALSE,FALSE,5.99847230805418,3.41847863163456,0.0184786316345642,TRUE,"filter",100,0,0.874878048780488,0.00205057270164445,0.342465447154472,0.00206260162601626,0.0308054796747968,0.175514898725996,NA,NA,NA
"gamma_discr_7.50_3.40","vary_mean",7.5,3.4,7.5,0,"gamma_discr",TRUE,TRUE,FALSE,7.499184039574,3.42146355684123,0.0214635568412334,TRUE,"filter",100,0,0.94520325203252,0.00156798813557635,0.343292276422764,0.011130081300813,0.0278598536585366,0.166912712693002,NA,NA,NA
"gamma_discr_9.00_3.40","vary_mean",9,3.4,9,0.2,"gamma_discr",FALSE,FALSE,FALSE,8.99935755892163,3.42226566695936,0.0222656669593606,TRUE,"filter",100,0,0.842479674796748,0.00224991235880157,0.344432926829268,0.0240626016260163,0.0356494715447154,0.188810676458498,NA,NA,NA
"gamma_discr_10.50_3.40","vary_mean",10.5,3.4,10.5,0.4,"gamma_discr",FALSE,FALSE,FALSE,10.4993097411262,3.42227893208092,0.0222789320809236,TRUE,"filter",100,0,0.719308943089431,0.00265362280420271,0.346393902439024,0.043939837398374,0.064652593495935,0.254268742664007,NA,NA,NA
"gamma_discr_12.00_3.40","vary_mean",12,3.4,12,0.6,"gamma_discr",FALSE,FALSE,FALSE,11.9990523158052,3.42170954228975,0.0217095422897455,TRUE,"filter",100,0,0.611951219512195,0.00296723498604764,0.350167073170732,0.0807951219512195,0.191966528455285,0.438139850339232,NA,NA,NA
"gamma_discr_7.50_1.36","vary_sd",7.5,1.36,1.36,-0.6,"gamma_discr",FALSE,FALSE,FALSE,7.49999999999998,1.41995304916347,0.0599530491634674,TRUE,"filter",100,0,0.854186991869919,0.00189671538766795,0.345064634146341,0.0169552845528455,0.0344274471544716,0.185546347726037,NA,NA,NA
"gamma_discr_7.50_2.04","vary_sd",7.5,2.04,2.04,-0.4,"gamma_discr",FALSE,FALSE,FALSE,7.49999999898917,2.08044865573259,0.040448655732586,TRUE,"filter",100,0,0.902479674796748,0.00178691397558447,0.344430894308943,0.0148577235772358,0.0296288861788618,0.172130433621896,NA,NA,NA
"gamma_discr_7.50_2.72","vary_sd",7.5,2.72,2.72,-0.2,"gamma_discr",FALSE,FALSE,FALSE,7.4999896436631,2.75042116068598,0.0304211606859788,TRUE,"filter",100,0,0.933211382113821,0.00156987651273154,0.343918292682927,0.0132447154471545,0.0283924146341464,0.168500488527916,NA,NA,NA
"gamma_discr_7.50_3.40","vary_sd",7.5,3.4,3.4,0,"gamma_discr",TRUE,TRUE,FALSE,7.499184039574,3.42146355684123,0.0214635568412334,TRUE,"filter",100,0,0.94520325203252,0.00156798813557635,0.343292276422764,0.011130081300813,0.0278598536585366,0.166912712693002,NA,NA,NA
"gamma_discr_7.50_4.08","vary_sd",7.5,4.08,4.08,0.2,"gamma_discr",FALSE,FALSE,FALSE,7.49073079157401,4.07135591470238,0.00926920842598555,TRUE,"filter",100,0,0.948414634146341,0.00155753702560924,0.342607723577236,0.00848008130081301,0.0276173211382114,0.166184599581945,NA,NA,NA
"gamma_discr_7.50_4.76","vary_sd",7.5,4.76,4.76,0.4,"gamma_discr",FALSE,FALSE,FALSE,7.45822645299498,4.66003319554465,0.0999668044553523,TRUE,"filter",100,0,0.943333333333333,0.00159473482568045,0.341828048780488,0.00562642276422765,0.0276662642276423,0.166331789588287,NA,NA,NA
"gamma_discr_7.50_5.44","vary_sd",7.5,5.44,5.44,0.6,"gamma_discr",FALSE,FALSE,FALSE,7.38564727195859,5.15713313986878,0.282866860131218,FALSE,"filter",100,0,0.930813008130081,0.00169239165649045,0.341138617886179,0.00268211382113822,0.0280401463414634,0.167451922477658,NA,NA,NA
"lnorm_3.00_3.40","vary_mean",3,3.4,3,-0.6,"lnorm",FALSE,FALSE,FALSE,3.15646435351103,3.09242443810292,0.307575561897081,FALSE,"filter",100,0,0.642073170731707,0.00214587029874699,0.342425609756098,-0.00556056910569105,0.0553978008130081,0.235367374147328,NA,NA,NA
"lnorm_4.50_3.40","vary_mean",4.5,3.4,4.5,-0.4,"lnorm",FALSE,FALSE,FALSE,4.4838157285776,3.28848343108843,0.111516568911568,TRUE,"filter",100,0,0.740609756097561,0.00203432210521794,0.342236178861789,-0.00312439024390243,0.0414991788617886,0.20371347246019,NA,NA,NA
"lnorm_6.00_3.40","vary_mean",6,3.4,6,-0.2,"lnorm",FALSE,FALSE,FALSE,5.98795867770129,3.35897600113261,0.0410239988673937,TRUE,"filter",100,0,0.868048780487805,0.00207713215298073,0.342688211382114,0.00282235772357724,0.0308407926829268,0.175615468233658,NA,NA,NA
"lnorm_7.50_3.40","vary_mean",7.5,3.4,7.5,0,"lnorm",TRUE,FALSE,FALSE,7.49279748523995,3.38373315627216,0.0162668437278439,TRUE,"filter",100,0,0.940406504065041,0.00161801018250671,0.343435772357724,0.0116983739837398,0.0280569674796748,0.16750214171668,NA,NA,NA
"lnorm_9.00_3.40","vary_mean",9,3.4,9,0.2,"lnorm",FALSE,FALSE,FALSE,8.99477871345955,3.39342846821609,0.0065715317839099,TRUE,"filter",100,0,0.841829268292683,0.00225785122060298,0.344488617886179,0.0239914634146342,0.0355205894308943,0.188469067570502,NA,NA,NA
"lnorm_10.50_3.40","vary_mean",10.5,3.4,10.5,0.4,"lnorm",FALSE,FALSE,FALSE,10.4953827910559,3.39702636963133,0.0046172089441292,TRUE,"filter",100,0,0.717357723577236,0.00270105375685427,0.346281707317073,0.0427821138211382,0.0610796422764228,0.247142959188448,NA,NA,NA
"lnorm_12.00_3.40","vary_mean",12,3.4,12,0.6,"lnorm",FALSE,FALSE,FALSE,11.9950791599945,3.39740527126605,0.0049208400054912,TRUE,"filter",100,0,0.612317073170732,0.00291343955281178,0.34999593495935,0.0790963414634146,0.18215393902439,0.426794961339037,NA,NA,NA
"lnorm_7.50_1.36","vary_sd",7.5,1.36,1.36,-0.6,"lnorm",FALSE,FALSE,FALSE,7.49999986891352,1.39030000004163,0.0303000000416325,TRUE,"filter",100,0,0.849471544715447,0.00199099822883369,0.345199593495935,0.0175292682926829,0.0347762764227642,0.186483984359956,NA,NA,NA
"lnorm_7.50_2.04","vary_sd",7.5,2.04,2.04,-0.4,"lnorm",FALSE,FALSE,FALSE,7.49999921049206,2.06031807707731,0.0203180770773113,TRUE,"filter",100,0,0.897926829268293,0.0018040194473573,0.344512195121951,0.0154349593495935,0.0298959756097561,0.172904527441464,NA,NA,NA
"lnorm_7.50_2.72","vary_sd",7.5,2.72,2.72,-0.2,"lnorm",FALSE,FALSE,FALSE,7.49960513810332,2.73342936683426,0.0134293668342584,TRUE,"filter",100,0,0.927926829268293,0.0015821619626543,0.344015853658537,0.0138032520325203,0.0286426097560976,0.169241276750377,NA,NA,NA
"lnorm_7.50_3.40","vary_sd",7.5,3.4,3.4,0,"lnorm",TRUE,FALSE,FALSE,7.49279748523995,3.38373315627216,0.0162668437278439,TRUE,"filter",100,0,0.940406504065041,0.00161801018250671,0.343435772357724,0.0116983739837398,0.0280569674796748,0.16750214171668,NA,NA,NA
"lnorm_7.50_4.08","vary_sd",7.5,4.08,4.08,0.2,"lnorm",FALSE,FALSE,FALSE,7.46325537318176,3.95970218296354,0.12029781703646,TRUE,"filter",100,0,0.945691056910569,0.00156909484069893,0.342716666666667,0.00921829268292684,0.0277115243902439,0.166467787845709,NA,NA,NA
"lnorm_7.50_4.76","vary_sd",7.5,4.76,4.76,0.4,"lnorm",FALSE,FALSE,FALSE,7.39806300038036,4.42993700430337,0.330062995696627,FALSE,"filter",100,0,0.945325203252033,0.00163561162410946,0.342158130081301,0.00665772357723578,0.0276257235772358,0.16620987809765,NA,NA,NA
"lnorm_7.50_5.44","vary_sd",7.5,5.44,5.44,0.6,"lnorm",FALSE,FALSE,FALSE,7.29711286165052,4.79589144513657,0.644108554863431,FALSE,"filter",100,0,0.93780487804878,0.00175487214642776,0.34165406504065,0.00418577235772358,0.0277895487804878,0.166701975934564,NA,NA,NA
"unif_3.00_3.40","vary_mean",3,3.4,3,-0.6,"unif",FALSE,FALSE,FALSE,4.70865216860955,2.42939735350828,1.70865216860955,FALSE,"filter",100,0,0.758943089430894,0.00221637083479288,0.342636178861789,-0.00230853658536584,0.039810337398374,0.199525280098473,NA,NA,NA
"unif_4.50_3.40","vary_mean",4.5,3.4,4.5,-0.4,"unif",FALSE,FALSE,FALSE,5.44947679025491,2.84828349114986,0.949476790254912,FALSE,"filter",100,0,0.833536585365854,0.00211373822491699,0.342501219512195,-0.000454471544715442,0.0342971788617886,0.185194975260639,NA,NA,NA
"unif_6.00_3.40","vary_mean",6,3.4,6,-0.2,"unif",FALSE,FALSE,FALSE,6.20492071818147,3.29332617243515,0.204920718181475,TRUE,"filter",100,0,0.897642276422764,0.00175380653465115,0.342395528455285,0.0018939024390244,0.0303446138211382,0.174197054570788,NA,NA,NA
"unif_7.50_3.40","vary_mean",7.5,3.4,7.5,0,"unif",TRUE,FALSE,FALSE,7.5,3.4016203054851,0.00162030548510517,TRUE,"filter",100,0,0.930934959349593,0.00155517759090706,0.343239430894309,0.0107211382113821,0.0282561788617886,0.168095743139999,NA,NA,NA
"unif_9.00_3.40","vary_mean",9,3.4,9,0.2,"unif",FALSE,FALSE,FALSE,9,3.4230581230086,0.0230581230085991,TRUE,"filter",100,0,0.830975609756098,0.00210567219095353,0.34469512195122,0.026440243902439,0.0407009308943089,0.201744717141017,NA,NA,NA
"unif_10.50_3.40","vary_mean",10.5,3.4,10.5,0.4,"unif",FALSE,FALSE,FALSE,10.5,3.4016203054851,0.00162030548510517,TRUE,"filter",100,0,0.720284552845529,0.00266261494730514,0.347173577235772,0.0512077235772358,0.0907070040650406,0.301176035011155,NA,NA,NA
"unif_12.00_3.40","vary_mean",12,3.4,12,0.6,"unif",FALSE,FALSE,FALSE,12,3.4230581230086,0.0230581230085991,TRUE,"filter",100,0,0.614349593495935,0.00305986324300874,0.350268292682927,0.0823670731707317,0.181309524390244,0.425804561260496,NA,NA,NA
"unif_7.50_1.36","vary_sd",7.5,1.36,1.36,-0.6,"unif",FALSE,FALSE,FALSE,7.5,1.41590163232805,0.0559016323280452,TRUE,"filter",100,0,0.862357723577236,0.00198223077590111,0.344984146341463,0.0167463414634146,0.0327646097560976,0.18100997142726,NA,NA,NA
"unif_7.50_2.04","vary_sd",7.5,2.04,2.04,-0.4,"unif",FALSE,FALSE,FALSE,7.5,2.0798039668523,0.0398039668522965,TRUE,"filter",100,0,0.918252032520325,0.00160316433611689,0.344380894308943,0.0150792682926829,0.0289111422764228,0.170032768243132,NA,NA,NA
"unif_7.50_2.72","vary_sd",7.5,2.72,2.72,-0.2,"unif",FALSE,FALSE,FALSE,7.5,2.74122824611298,0.0212282461129845,TRUE,"filter",100,0,0.922723577235772,0.00169978728041368,0.34384512195122,0.0133585365853659,0.028715512195122,0.169456520072619,NA,NA,NA
"unif_7.50_3.40","vary_sd",7.5,3.4,3.4,0,"unif",TRUE,FALSE,FALSE,7.5,3.4016203054851,0.00162030548510517,TRUE,"filter",100,0,0.930934959349593,0.00155517759090706,0.343239430894309,0.0107211382113821,0.0282561788617886,0.168095743139999,NA,NA,NA
"unif_7.50_4.08","vary_sd",7.5,4.08,4.08,0.2,"unif",FALSE,FALSE,FALSE,7.53559842152147,4.0544532307698,0.0355984215214713,TRUE,"filter",100,0,0.922032520325203,0.00163050624230661,0.342456910569106,0.00802520325203252,0.028402,0.168528929267352,NA,NA,NA
"unif_7.50_4.76","vary_sd",7.5,4.76,4.76,0.4,"unif",FALSE,FALSE,FALSE,8.12834050412471,4.40198344367336,0.628340504124708,FALSE,"filter",100,0,0.884918699186992,0.00179641647602372,0.342577642276423,0.0117975609756098,0.0299592276422764,0.173087341080382,NA,NA,NA
"unif_7.50_5.44","vary_sd",7.5,5.44,5.44,0.6,"unif",FALSE,FALSE,FALSE,8.71860622532081,4.74487604371029,1.21860622532081,FALSE,"filter",100,0,0.84739837398374,0.00215521903544292,0.342693902439024,0.0164182926829268,0.0332142317073171,0.182247720719127,NA,NA,NA
"weibull_3.00_3.40","vary_mean",3,3.4,3,-0.6,"weibull",FALSE,FALSE,FALSE,3.6909205304937,3.40487323882316,0.690920530493703,FALSE,"filter",100,0,0.677317073170732,0.00219691573681288,0.341985365853659,-0.00645040650406503,0.049347593495935,0.222143182420562,NA,NA,NA
"weibull_4.50_3.40","vary_mean",4.5,3.4,4.5,-0.4,"weibull",FALSE,FALSE,FALSE,4.71463767682001,3.34682970518123,0.214637676820014,TRUE,"filter",100,0,0.762317073170732,0.00210509741165992,0.342008943089431,-0.00386422764227642,0.0391847804878049,0.19795145992845,NA,NA,NA
"weibull_6.00_3.40","vary_mean",6,3.4,6,-0.2,"weibull",FALSE,FALSE,FALSE,6.05145205301907,3.38131273042736,0.051452053019073,TRUE,"filter",100,0,0.88890243902439,0.00198141802635955,0.342356097560976,0.00146341463414635,0.0304876260162602,0.174607061759426,NA,NA,NA
"weibull_7.50_3.40","vary_mean",7.5,3.4,7.5,0,"weibull",TRUE,FALSE,FALSE,7.50993701584945,3.4034755804157,0.00993701584944784,TRUE,"filter",100,0,0.946869918699187,0.00158889948011668,0.343145528455285,0.0102772357723577,0.0277538211382114,0.166594781245426,NA,NA,NA
"weibull_9.00_3.40","vary_mean",9,3.4,9,0.2,"weibull",FALSE,FALSE,FALSE,9.00160955601863,3.41039607319495,0.0103960731949537,TRUE,"filter",100,0,0.838414634146341,0.00208271357031699,0.34444756097561,0.024119918699187,0.0361324674796748,0.19008542153378,NA,NA,NA
"weibull_10.50_3.40","vary_mean",10.5,3.4,10.5,0.4,"weibull",FALSE,FALSE,FALSE,10.5002257305952,3.41190023287374,0.0119002328737414,TRUE,"filter",100,0,0.720853658536585,0.00275949856087579,0.346732113821138,0.047059756097561,0.0758001666666667,0.275318300638854,NA,NA,NA
"weibull_12.00_3.40","vary_mean",12,3.4,12,0.6,"weibull",FALSE,FALSE,FALSE,12.0000280948992,3.41216639351236,0.0121663935123588,TRUE,"filter",100,0,0.615691056910569,0.00297734323770608,0.350956097560976,0.0883235772357724,0.244727902439024,0.494699810429542,NA,NA,NA
"weibull_7.50_1.36","vary_sd",7.5,1.36,1.36,-0.6,"weibull",FALSE,FALSE,FALSE,7.50000017776687,1.39029981495296,0.030299814952955,TRUE,"filter",100,0,0.851910569105691,0.00204460152619014,0.345037804878049,0.015940243902439,0.0373986544715447,0.193387317245844,NA,NA,NA
"weibull_7.50_2.04","vary_sd",7.5,2.04,2.04,-0.4,"weibull",FALSE,FALSE,FALSE,7.50006807644003,2.06021272024086,0.0202127202408553,TRUE,"filter",100,0,0.907723577235772,0.0017443781172346,0.344285772357724,0.0133878048780488,0.0298134878048781,0.172665826974761,NA,NA,NA
"weibull_7.50_2.72","vary_sd",7.5,2.72,2.72,-0.2,"weibull",FALSE,FALSE,FALSE,7.5015634116734,2.73341607090399,0.0134160709039874,TRUE,"filter",100,0,0.938780487804878,0.00161759748796791,0.343672764227642,0.0120686991869919,0.0281816056910569,0.167873779045618,NA,NA,NA
"weibull_7.50_3.40","vary_sd",7.5,3.4,3.4,0,"weibull",TRUE,FALSE,FALSE,7.50993701584945,3.4034755804157,0.00993701584944784,TRUE,"filter",100,0,0.946869918699187,0.00158889948011668,0.343145528455285,0.0102772357723577,0.0277538211382114,0.166594781245426,NA,NA,NA
"weibull_7.50_4.08","vary_sd",7.5,4.08,4.08,0.2,"weibull",FALSE,FALSE,FALSE,7.53334264788299,4.0678273535541,0.0333426478829866,TRUE,"filter",100,0,0.948170731707317,0.00152141040774289,0.342486585365854,0.00812398373983741,0.0276445894308943,0.166266621517653,NA,NA,NA
"weibull_7.50_4.76","vary_sd",7.5,4.76,4.76,0.4,"weibull",FALSE,FALSE,FALSE,7.57128907899137,4.71041337823443,0.0712890789913745,TRUE,"filter",100,0,0.94020325203252,0.00159627790435892,0.341768292682927,0.00563739837398374,0.0277795853658537,0.166672089342678,NA,NA,NA
"weibull_7.50_5.44","vary_sd",7.5,5.44,5.44,0.6,"weibull",FALSE,FALSE,FALSE,7.59794020058467,5.27181300808945,0.168186991910546,TRUE,"filter",100,0,0.926422764227642,0.00167406626067525,0.341089837398374,0.00323658536585366,0.0281168130081301,0.167680687642108,NA,NA,NA
"gamma_bin_3.00_3.40","vary_mean",3,3.4,3,-0.6,"gamma_bin",FALSE,FALSE,FALSE,3.75700300886437,3.41668370768251,0.757003008864374,FALSE,"smoother",100,0,0.620813008130081,0.00215959807255705,0.257830487804878,-0.0202443089430894,0.0350874674796748,0.187316490143486,NA,NA,NA
"gamma_bin_4.50_3.40","vary_mean",4.5,3.4,4.5,-0.4,"gamma_bin",FALSE,FALSE,FALSE,4.64247766226413,3.36348551320289,0.14247766226413,TRUE,"smoother",100,0,0.700975609756098,0.00235428043308936,0.258128455284553,-0.0169662601626016,0.0239633617886179,0.154801039365432,NA,NA,NA
"gamma_bin_6.00_3.40","vary_mean",6,3.4,6,-0.2,"gamma_bin",FALSE,FALSE,FALSE,6.0101762804531,3.40319564329874,0.0101762804531003,TRUE,"smoother",100,0,0.84,0.00210038623530534,0.258718292682927,-0.00991788617886179,0.0114134634146341,0.1068338121319,NA,NA,NA
"gamma_bin_7.50_3.40","vary_mean",7.5,3.4,7.5,0,"gamma_bin",TRUE,FALSE,TRUE,7.49983993502948,3.41055509649589,0.0105550964958852,TRUE,"smoother",100,0,0.931869918699187,0.00149008930294024,0.259673983739837,0.000860569105691063,0.00578162195121951,0.0760369775255402,NA,NA,NA
"gamma_bin_9.00_3.40","vary_mean",9,3.4,9,0.2,"gamma_bin",FALSE,FALSE,FALSE,8.99962794534134,3.41098012455305,0.0109801245530479,TRUE,"smoother",100,0,0.822682926829268,0.00237155877637549,0.261008943089431,0.015799593495935,0.0116139471544715,0.107768024731233,NA,NA,NA
"gamma_bin_10.50_3.40","vary_mean",10.5,3.4,10.5,0.4,"gamma_bin",FALSE,FALSE,FALSE,10.4995460398632,3.41082584820347,0.0108258482034684,TRUE,"smoother",100,0,0.686747967479675,0.00299879363180994,0.263138211382114,0.0386,0.0403946341463415,0.200984163919303,NA,NA,NA
"gamma_bin_12.00_3.40","vary_mean",12,3.4,12,0.6,"gamma_bin",FALSE,FALSE,FALSE,11.999313053143,3.41026811637252,0.0102681163725231,TRUE,"smoother",100,0,0.572073170731707,0.00311993291001137,0.267156097560976,0.0798219512195122,0.166660138211382,0.408240294693434,NA,NA,NA
"gamma_bin_7.50_1.36","vary_sd",7.5,1.36,1.36,-0.6,"gamma_bin",FALSE,FALSE,FALSE,7.50000000230856,1.39029971586713,0.030299715867133,TRUE,"smoother",100,0,0.829349593495935,0.00181792308198414,0.260737398373984,0.00528455284552846,0.0146213414634146,0.120918739091237,NA,NA,NA
"gamma_bin_7.50_2.04","vary_sd",7.5,2.04,2.04,-0.4,"gamma_bin",FALSE,FALSE,FALSE,7.50000000846283,2.06032356790458,0.0203235679045841,TRUE,"smoother",100,0,0.88280487804878,0.00174203699356913,0.260436585365854,0.00419634146341464,0.00797358130081301,0.0892949119536663,NA,NA,NA
"gamma_bin_7.50_2.72","vary_sd",7.5,2.72,2.72,-0.2,"gamma_bin",FALSE,FALSE,FALSE,7.49999838514813,2.73525802349106,0.0152580234910635,TRUE,"smoother",100,0,0.917520325203252,0.00159418523386336,0.260134552845528,0.00295162601626017,0.00620073577235772,0.0787447507606553,NA,NA,NA
"gamma_bin_7.50_3.40","vary_sd",7.5,3.4,3.4,0,"gamma_bin",TRUE,FALSE,TRUE,7.49983993502948,3.41055509649589,0.0105550964958852,TRUE,"smoother",100,0,0.931869918699187,0.00149008930294024,0.259673983739837,0.000860569105691063,0.00578162195121951,0.0760369775255402,NA,NA,NA
"gamma_bin_7.50_4.08","vary_sd",7.5,4.08,4.08,0.2,"gamma_bin",FALSE,FALSE,FALSE,7.49844767775654,4.06963333915443,0.0103666608455688,TRUE,"smoother",100,0,0.929308943089431,0.00165036281294682,0.259123983739837,-0.00186788617886178,0.00594197967479675,0.07708423752491,NA,NA,NA
"gamma_bin_7.50_4.76","vary_sd",7.5,4.76,4.76,0.4,"gamma_bin",FALSE,FALSE,FALSE,7.49406617301023,4.67559830140314,0.0844016985968628,TRUE,"smoother",100,0,0.918373983739837,0.0017749031855396,0.25849593495935,-0.0048410569105691,0.0065285406504065,0.0807993852105726,NA,NA,NA
"gamma_bin_7.50_5.44","vary_sd",7.5,5.44,5.44,0.6,"gamma_bin",FALSE,FALSE,FALSE,7.48611354056791,5.19697262640572,0.24302737359428,TRUE,"smoother",100,0,0.899471544715447,0.00177506775067751,0.257922764227642,-0.00762235772357723,0.00738989024390244,0.0859644708231397,NA,NA,NA
"gamma_discr_3.00_3.40","vary_mean",3,3.4,3,-0.6,"gamma_discr",FALSE,FALSE,FALSE,2.97598543434512,3.30019133941635,0.0998086605836463,TRUE,"smoother",100,0,0.572439024390244,0.00214665188713796,0.258030487804878,-0.0208333333333333,0.0463396097560976,0.215266369310437,NA,NA,NA
"gamma_discr_4.50_3.40","vary_mean",4.5,3.4,4.5,-0.4,"gamma_discr",FALSE,FALSE,FALSE,4.49539306384931,3.40467370696461,0.004673706964613,TRUE,"smoother",100,0,0.686951219512195,0.00240004368117998,0.258120731707317,-0.0171764227642276,0.0259162764227642,0.160985329837113,NA,NA,NA
"gamma_discr_6.00_3.40","vary_mean",6,3.4,6,-0.2,"gamma_discr",FALSE,FALSE,FALSE,5.99847230805418,3.41847863163456,0.0184786316345642,TRUE,"smoother",100,0,0.836666666666667,0.00214587418795107,0.258752845528455,-0.00961016260162601,0.0114261910569106,0.106893363016188,NA,NA,NA
"gamma_discr_7.50_3.40","vary_mean",7.5,3.4,7.5,0,"gamma_discr",TRUE,TRUE,FALSE,7.499184039574,3.42146355684123,0.0214635568412334,TRUE,"smoother",100,0,0.932520325203252,0.00153084369380695,0.259716260162602,0.00116138211382114,0.00572341869918699,0.0756532795005411,NA,NA,NA
"gamma_discr_9.00_3.40","vary_mean",9,3.4,9,0.2,"gamma_discr",FALSE,FALSE,FALSE,8.99935755892163,3.42226566695936,0.0222656669593606,TRUE,"smoother",100,0,0.822520325203252,0.00235066183404424,0.261016260162602,0.0158439024390244,0.0116680487804878,0.108018742727768,NA,NA,NA
"gamma_discr_10.50_3.40","vary_mean",10.5,3.4,10.5,0.4,"gamma_discr",FALSE,FALSE,FALSE,10.4993097411262,3.42227893208092,0.0222789320809236,TRUE,"smoother",100,0,0.686666666666667,0.00299982874062754,0.263112601626016,0.0382524390243902,0.0395966951219512,0.19898918342953,NA,NA,NA
"gamma_discr_12.00_3.40","vary_mean",12,3.4,12,0.6,"gamma_discr",FALSE,FALSE,FALSE,11.9990523158052,3.42170954228975,0.0217095422897455,TRUE,"smoother",100,0,0.572032520325203,0.00315039921903753,0.267078048780488,0.079030487804878,0.162234117886179,0.402782966231417,NA,NA,NA
"gamma_discr_7.50_1.36","vary_sd",7.5,1.36,1.36,-0.6,"gamma_discr",FALSE,FALSE,FALSE,7.49999999999998,1.41995304916347,0.0599530491634674,TRUE,"smoother",100,0,0.831991869918699,0.00177619578660159,0.260714227642276,0.0052439024390244,0.0140510975609756,0.118537325602426,NA,NA,NA
"gamma_discr_7.50_2.04","vary_sd",7.5,2.04,2.04,-0.4,"gamma_discr",FALSE,FALSE,FALSE,7.49999999898917,2.08044865573259,0.040448655732586,TRUE,"smoother",100,0,0.884512195121951,0.0016905315243131,0.260455284552846,0.00436382113821139,0.00782042682926829,0.0884331771976349,NA,NA,NA
"gamma_discr_7.50_2.72","vary_sd",7.5,2.72,2.72,-0.2,"gamma_discr",FALSE,FALSE,FALSE,7.4999896436631,2.75042116068598,0.0304211606859788,TRUE,"smoother",100,0,0.918089430894309,0.00154427776115313,0.260128455284553,0.00322723577235773,0.00614679268292683,0.0784014839331937,NA,NA,NA
"gamma_discr_7.50_3.40","vary_sd",7.5,3.4,3.4,0,"gamma_discr",TRUE,TRUE,FALSE,7.499184039574,3.42146355684123,0.0214635568412334,TRUE,"smoother",100,0,0.932520325203252,0.00153084369380695,0.259716260162602,0.00116138211382114,0.00572341869918699,0.0756532795005411,NA,NA,NA
"gamma_discr_7.50_4.08","vary_sd",7.5,4.08,4.08,0.2,"gamma_discr",FALSE,FALSE,FALSE,7.49073079157401,4.07135591470238,0.00926920842598555,TRUE,"smoother",100,0,0.930081300813008,0.00163930677446619,0.259130081300813,-0.00159430894308942,0.00584449593495935,0.0764493030377606,NA,NA,NA
"gamma_discr_7.50_4.76","vary_sd",7.5,4.76,4.76,0.4,"gamma_discr",FALSE,FALSE,FALSE,7.45822645299498,4.66003319554465,0.0999668044553523,TRUE,"smoother",100,0,0.920162601626016,0.00169587944142678,0.258565040650407,-0.00470284552845528,0.00643636178861789,0.0802269392948396,NA,NA,NA
"gamma_discr_7.50_5.44","vary_sd",7.5,5.44,5.44,0.6,"gamma_discr",FALSE,FALSE,FALSE,7.38564727195859,5.15713313986878,0.282866860131218,FALSE,"smoother",100,0,0.900487804878049,0.00179063247426199,0.257993495934959,-0.00790691056910569,0.00744088211382114,0.0862605478409518,NA,NA,NA
"lnorm_3.00_3.40","vary_mean",3,3.4,3,-0.6,"lnorm",FALSE,FALSE,FALSE,3.15646435351103,3.09242443810292,0.307575561897081,FALSE,"smoother",100,0,0.581991869918699,0.00215648491798298,0.258169512195122,-0.0198715447154471,0.043026569105691,0.207428467442854,NA,NA,NA
"lnorm_4.50_3.40","vary_mean",4.5,3.4,4.5,-0.4,"lnorm",FALSE,FALSE,FALSE,4.4838157285776,3.28848343108843,0.111516568911568,TRUE,"smoother",100,0,0.688739837398374,0.0023278536227819,0.25829512195122,-0.016330081300813,0.0256313983739837,0.16009808985114,NA,NA,NA
"lnorm_6.00_3.40","vary_mean",6,3.4,6,-0.2,"lnorm",FALSE,FALSE,FALSE,5.98795867770129,3.35897600113261,0.0410239988673937,TRUE,"smoother",100,0,0.83239837398374,0.00224729945206982,0.258885772357724,-0.00876991869918699,0.0111227642276423,0.105464516438669,NA,NA,NA
"lnorm_7.50_3.40","vary_mean",7.5,3.4,7.5,0,"lnorm",TRUE,FALSE,FALSE,7.49279748523995,3.38373315627216,0.0162668437278439,TRUE,"smoother",100,0,0.929715447154472,0.00145973161682558,0.259815853658537,0.00179918699186992,0.00575565040650407,0.0758660029690774,NA,NA,NA
"lnorm_9.00_3.40","vary_mean",9,3.4,9,0.2,"lnorm",FALSE,FALSE,FALSE,8.99477871345955,3.39342846821609,0.0065715317839099,TRUE,"smoother",100,0,0.82150406504065,0.00238231337212378,0.261022357723577,0.0156869918699187,0.0115879918699187,0.107647535363884,NA,NA,NA
"lnorm_10.50_3.40","vary_mean",10.5,3.4,10.5,0.4,"lnorm",FALSE,FALSE,FALSE,10.4953827910559,3.39702636963133,0.0046172089441292,TRUE,"smoother",100,0,0.685731707317073,0.00299315268889616,0.262943089430894,0.0367028455284553,0.0359465487804878,0.189595750955784,NA,NA,NA
"lnorm_12.00_3.40","vary_mean",12,3.4,12,0.6,"lnorm",FALSE,FALSE,FALSE,11.9950791599945,3.39740527126605,0.0049208400054912,TRUE,"smoother",100,0,0.571747967479675,0.00314790542517754,0.266964634146341,0.077130487804878,0.152173069105691,0.390093667092522,NA,NA,NA
"lnorm_7.50_1.36","vary_sd",7.5,1.36,1.36,-0.6,"lnorm",FALSE,FALSE,FALSE,7.49999986891352,1.39030000004163,0.0303000000416325,TRUE,"smoother",100,0,0.828292682926829,0.00177343553007683,0.260817479674797,0.00589471544715448,0.0141695243902439,0.119035811377265,NA,NA,NA
"lnorm_7.50_2.04","vary_sd",7.5,2.04,2.04,-0.4,"lnorm",FALSE,FALSE,FALSE,7.49999921049206,2.06031807707731,0.0203180770773113,TRUE,"smoother",100,0,0.879390243902439,0.00164748798456591,0.26055243902439,0.00507154471544716,0.00790569918699187,0.0889139988246613,NA,NA,NA
"lnorm_7.50_2.72","vary_sd",7.5,2.72,2.72,-0.2,"lnorm",FALSE,FALSE,FALSE,7.49960513810332,2.73342936683426,0.0134293668342584,TRUE,"smoother",100,0,0.913211382113821,0.00167094753845284,0.26025,0.00391056910569106,0.00625256910569106,0.0790731882858599,NA,NA,NA
"lnorm_7.50_3.40","vary_sd",7.5,3.4,3.4,0,"lnorm",TRUE,FALSE,FALSE,7.49279748523995,3.38373315627216,0.0162668437278439,TRUE,"smoother",100,0,0.929715447154472,0.00145973161682558,0.259815853658537,0.00179918699186992,0.00575565040650407,0.0758660029690774,NA,NA,NA
"lnorm_7.50_4.08","vary_sd",7.5,4.08,4.08,0.2,"lnorm",FALSE,FALSE,FALSE,7.46325537318176,3.95970218296354,0.12029781703646,TRUE,"smoother",100,0,0.930853658536585,0.00167106740484823,0.259333739837398,-0.000820325203252028,0.00573775609756098,0.075747977514657,NA,NA,NA
"lnorm_7.50_4.76","vary_sd",7.5,4.76,4.76,0.4,"lnorm",FALSE,FALSE,FALSE,7.39806300038036,4.42993700430337,0.330062995696627,FALSE,"smoother",100,0,0.926016260162602,0.00172465068582085,0.258829268292683,-0.00359715447154471,0.00610613414634146,0.0781417567395401,NA,NA,NA
"lnorm_7.50_5.44","vary_sd",7.5,5.44,5.44,0.6,"lnorm",FALSE,FALSE,FALSE,7.29711286165052,4.79589144513657,0.644108554863431,FALSE,"smoother",100,0,0.915406504065041,0.00181306410477358,0.258293902439024,-0.00634796747967479,0.00679976422764228,0.0824606829200576,NA,NA,NA
"unif_3.00_3.40","vary_mean",3,3.4,3,-0.6,"unif",FALSE,FALSE,FALSE,4.70865216860955,2.42939735350828,1.70865216860955,FALSE,"smoother",100,0,0.71150406504065,0.00221859512669698,0.258521544715447,-0.0157922764227642,0.0250576463414634,0.15829607178153,NA,NA,NA
"unif_4.50_3.40","vary_mean",4.5,3.4,4.5,-0.4,"unif",FALSE,FALSE,FALSE,5.44947679025491,2.84828349114986,0.949476790254912,FALSE,"smoother",100,0,0.779146341463415,0.00236258571022653,0.258562601626016,-0.0129747967479675,0.0172638130081301,0.131391830066143,NA,NA,NA
"unif_6.00_3.40","vary_mean",6,3.4,6,-0.2,"unif",FALSE,FALSE,FALSE,6.20492071818147,3.29332617243515,0.204920718181475,TRUE,"smoother",100,0,0.852682926829268,0.00188918948816674,0.258734146341463,-0.00972032520325203,0.0110979512195122,0.105346813997919,NA,NA,NA
"unif_7.50_3.40","vary_mean",7.5,3.4,7.5,0,"unif",TRUE,FALSE,FALSE,7.5,3.4016203054851,0.00162030548510517,TRUE,"smoother",100,0,0.923048780487805,0.0015289398587818,0.259665040650407,0.000812195121951224,0.00587141463414634,0.0766251566663739,NA,NA,NA
"unif_9.00_3.40","vary_mean",9,3.4,9,0.2,"unif",FALSE,FALSE,FALSE,9,3.4230581230086,0.0230581230085991,TRUE,"smoother",100,0,0.815853658536585,0.00228825571102381,0.261464634146341,0.0192617886178862,0.016280674796748,0.127595747565301,NA,NA,NA
"unif_10.50_3.40","vary_mean",10.5,3.4,10.5,0.4,"unif",FALSE,FALSE,FALSE,10.5,3.4016203054851,0.00162030548510517,TRUE,"smoother",100,0,0.687845528455285,0.00284658118233659,0.264132520325203,0.0471272357723577,0.0664260772357723,0.257732569218119,NA,NA,NA
"unif_12.00_3.40","vary_mean",12,3.4,12,0.6,"unif",FALSE,FALSE,FALSE,12,3.4230581230086,0.0230581230085991,TRUE,"smoother",100,0,0.574674796747968,0.00317970768003749,0.267044715447154,0.0805044715447154,0.15880387398374,0.398502037615543,NA,NA,NA
"unif_7.50_1.36","vary_sd",7.5,1.36,1.36,-0.6,"unif",FALSE,FALSE,FALSE,7.5,1.41590163232805,0.0559016323280452,TRUE,"smoother",100,0,0.840121951219512,0.00187226930390904,0.260790650406504,0.00568861788617887,0.0116748699186992,0.108050311978722,NA,NA,NA
"unif_7.50_2.04","vary_sd",7.5,2.04,2.04,-0.4,"unif",FALSE,FALSE,FALSE,7.5,2.0798039668523,0.0398039668522965,TRUE,"smoother",100,0,0.908292682926829,0.00174898416034892,0.260595528455285,0.00511585365853659,0.00619816666666667,0.0787284362010746,NA,NA,NA
"unif_7.50_2.72","vary_sd",7.5,2.72,2.72,-0.2,"unif",FALSE,FALSE,FALSE,7.5,2.74122824611298,0.0212282461129845,TRUE,"smoother",100,0,0.920162601626016,0.00153032023894678,0.260236178861789,0.00350203252032521,0.00580305284552846,0.0761777713347434,NA,NA,NA
"unif_7.50_3.40","vary_sd",7.5,3.4,3.4,0,"unif",TRUE,FALSE,FALSE,7.5,3.4016203054851,0.00162030548510517,TRUE,"smoother",100,0,0.923048780487805,0.0015289398587818,0.259665040650407,0.000812195121951224,0.00587141463414634,0.0766251566663739,NA,NA,NA
"unif_7.50_4.08","vary_sd",7.5,4.08,4.08,0.2,"unif",FALSE,FALSE,FALSE,7.53559842152147,4.0544532307698,0.0355984215214713,TRUE,"smoother",100,0,0.900975609756098,0.00158812717116638,0.259070731707317,-0.00189471544715446,0.00666917479674797,0.0816650157457155,NA,NA,NA
"unif_7.50_4.76","vary_sd",7.5,4.76,4.76,0.4,"unif",FALSE,FALSE,FALSE,8.12834050412471,4.40198344367336,0.628340504124708,FALSE,"smoother",100,0,0.86520325203252,0.00192559340313368,0.259326422764228,0.00261829268292684,0.00759891463414634,0.0871717536484516,NA,NA,NA
"unif_7.50_5.44","vary_sd",7.5,5.44,5.44,0.6,"unif",FALSE,FALSE,FALSE,8.71860622532081,4.74487604371029,1.21860622532081,FALSE,"smoother",100,0,0.821869918699187,0.00206501090520382,0.259670325203252,0.00797764227642277,0.0103233617886179,0.101603945733509,NA,NA,NA
"weibull_3.00_3.40","vary_mean",3,3.4,3,-0.6,"weibull",FALSE,FALSE,FALSE,3.6909205304937,3.40487323882316,0.690920530493703,FALSE,"smoother",100,0,0.616544715447155,0.00219408377446339,0.25784593495935,-0.0202857723577236,0.0359702723577236,0.189658304215037,NA,NA,NA
"weibull_4.50_3.40","vary_mean",4.5,3.4,4.5,-0.4,"weibull",FALSE,FALSE,FALSE,4.71463767682001,3.34682970518123,0.214637676820014,TRUE,"smoother",100,0,0.706829268292683,0.00233503081068163,0.258114227642276,-0.0168211382113821,0.0231884959349593,0.152277693491067,NA,NA,NA
"weibull_6.00_3.40","vary_mean",6,3.4,6,-0.2,"weibull",FALSE,FALSE,FALSE,6.05145205301907,3.38131273042736,0.051452053019073,TRUE,"smoother",100,0,0.844430894308943,0.00201963146691062,0.258663414634146,-0.0102195121951219,0.0114313983739837,0.106917717773921,NA,NA,NA
"weibull_7.50_3.40","vary_mean",7.5,3.4,7.5,0,"weibull",TRUE,FALSE,FALSE,7.50993701584945,3.4034755804157,0.00993701584944784,TRUE,"smoother",100,0,0.929674796747967,0.00151715316938998,0.259547967479675,0.000170325203252038,0.00593310975609756,0.0770266821049535,NA,NA,NA
"weibull_9.00_3.40","vary_mean",9,3.4,9,0.2,"weibull",FALSE,FALSE,FALSE,9.00160955601863,3.41039607319495,0.0103960731949537,TRUE,"smoother",100,0,0.822926829268293,0.00248063382356841,0.261054471544715,0.0161926829268293,0.0120370650406504,0.109713559055617,NA,NA,NA
"weibull_10.50_3.40","vary_mean",10.5,3.4,10.5,0.4,"weibull",FALSE,FALSE,FALSE,10.5002257305952,3.41190023287374,0.0119002328737414,TRUE,"smoother",100,0,0.689430894308943,0.00278175584491515,0.263594715447154,0.0422117886178862,0.0507681829268293,0.225317959618911,NA,NA,NA
"weibull_12.00_3.40","vary_mean",12,3.4,12,0.6,"weibull",FALSE,FALSE,FALSE,12.0000280948992,3.41216639351236,0.0121663935123588,TRUE,"smoother",100,0,0.57369918699187,0.00308971992873481,0.267969105691057,0.0873073170731707,0.211749040650407,0.46016197219067,NA,NA,NA
"weibull_7.50_1.36","vary_sd",7.5,1.36,1.36,-0.6,"weibull",FALSE,FALSE,FALSE,7.50000017776687,1.39029981495296,0.030299814952955,TRUE,"smoother",100,0,0.829268292682927,0.00191714937762812,0.260463414634146,0.00342804878048781,0.0188522479674797,0.137303488548105,NA,NA,NA
"weibull_7.50_2.04","vary_sd",7.5,2.04,2.04,-0.4,"weibull",FALSE,FALSE,FALSE,7.50006807644003,2.06021272024086,0.0202127202408553,TRUE,"smoother",100,0,0.886219512195122,0.00172706370227847,0.260192276422764,0.00233008130081301,0.00891082926829268,0.0943971888791858,NA,NA,NA
"weibull_7.50_2.72","vary_sd",7.5,2.72,2.72,-0.2,"weibull",FALSE,FALSE,FALSE,7.5015634116734,2.73341607090399,0.0134160709039874,TRUE,"smoother",100,0,0.922276422764228,0.00166785300797556,0.259926422764228,0.00171869918699188,0.0063889756097561,0.0799310678632289,NA,NA,NA
"weibull_7.50_3.40","vary_sd",7.5,3.4,3.4,0,"weibull",TRUE,FALSE,FALSE,7.50993701584945,3.4034755804157,0.00993701584944784,TRUE,"smoother",100,0,0.929674796747967,0.00151715316938998,0.259547967479675,0.000170325203252038,0.00593310975609756,0.0770266821049535,NA,NA,NA
"weibull_7.50_4.08","vary_sd",7.5,4.08,4.08,0.2,"weibull",FALSE,FALSE,FALSE,7.53334264788299,4.0678273535541,0.0333426478829866,TRUE,"smoother",100,0,0.92520325203252,0.00156641186095214,0.259093902439024,-0.00203658536585365,0.00611282113821138,0.0781845326021163,NA,NA,NA
"weibull_7.50_4.76","vary_sd",7.5,4.76,4.76,0.4,"weibull",FALSE,FALSE,FALSE,7.57128907899137,4.71041337823443,0.0712890789913745,TRUE,"smoother",100,0,0.912723577235772,0.00172799125981718,0.258478861788618,-0.00459715447154471,0.00664438617886179,0.0815131043382706,NA,NA,NA
"weibull_7.50_5.44","vary_sd",7.5,5.44,5.44,0.6,"weibull",FALSE,FALSE,FALSE,7.59794020058467,5.27181300808945,0.168186991910546,TRUE,"smoother",100,0,0.893170731707317,0.00174397618458248,0.257924796747967,-0.00723699186991869,0.00742271138211382,0.0861551587666915,NA,NA,NA
