"index","date","true_R_epiestim","true_R_epilps"
1,2020-03-22,4.64176734711438,7.80191752671479
2,2020-03-23,5.74184883880713,6.47633271060018
3,2020-03-24,3.25033439563944,5.39748004467528
4,2020-03-25,6.73935287829888,4.52153259075373
5,2020-03-26,2.43636854796088,3.81075688710478
6,2020-03-27,1.74494772539268,3.23384975678135
7,2020-03-28,2.62517926045569,2.76512519694591
8,2020-03-29,1.22911307977452,2.38350063829982
9,2020-03-30,2.39904651254038,2.07220990816182
10,2020-03-31,1.19484574307971,1.8180094782711
11,2020-04-01,1.32897619591253,1.61045019265924
12,2020-04-02,1.45959821408832,1.44129331371926
13,2020-04-03,1.71530804750948,1.30405110997497
14,2020-04-04,1.05182866123244,1.1936337473603
15,2020-04-05,1.02510010675531,1.10608275580624
16,2020-04-06,1.25252014867933,1.03836845094092
17,2020-04-07,1.21525733695915,0.987514418464918
18,2020-04-08,0.979230198394809,0.94985341422689
19,2020-04-09,1.02544833790337,0.922342058412537
20,2020-04-10,1.03933643277786,0.902533145800087
21,2020-04-11,1.31704644033967,0.888443579660898
22,2020-04-12,1.01626238281987,0.878474950045775
23,2020-04-13,0.750219977978433,0.871353706634507
24,2020-04-14,0.68680573053247,0.866079695774009
25,2020-04-15,1.09137562864791,0.861880113955128
26,2020-04-16,0.741057834922739,0.858167576978305
27,2020-04-17,0.768534353981288,0.854446587171991
28,2020-04-18,0.752768210408917,0.850242530612154
29,2020-04-19,0.700189279957523,0.845168044117022
30,2020-04-20,0.555240242382622,0.838916821827613
31,2020-04-21,0.584450640057208,0.83125458603177
32,2020-04-22,0.680297862250013,0.822012955905288
33,2020-04-23,0.95896579009836,0.811083441801087
34,2020-04-24,1.26713544933213,0.798410706391415
35,2020-04-25,1.32835487275134,0.783985284249482
36,2020-04-26,0.820532179912435,0.767842249776292
37,2020-04-27,0.605066948223753,0.750320099865667
38,2020-04-28,0.480613317476216,0.732127511283489
39,2020-04-29,0.729684595490469,0.713945546467747
40,2020-04-30,0.815117093248404,0.696377644387645
41,2020-05-01,0.615435524003123,0.679931575981829
42,2020-05-02,0.771681049543453,0.665012401557135
43,2020-05-03,0.638637642797715,0.65192842067752
44,2020-05-04,0.502607638572081,0.640906266957601
45,2020-05-05,0.419348773276434,0.632110069284813
46,2020-05-06,0.532523289397014,0.625656360123327
47,2020-05-07,0.748164536979726,0.621502273809677
48,2020-05-08,0.699597036363356,0.619441171957512
49,2020-05-09,0.840634610500807,0.619256488578844
50,2020-05-10,0.605572567510499,0.620736004042686
51,2020-05-11,0.551154795645625,0.623679916186844
52,2020-05-12,0.382419782215341,0.627908213332621
53,2020-05-13,0.67605453850849,0.633265384812971
54,2020-05-14,0.67389745281474,0.639622221613428
55,2020-05-15,0.928654307802489,0.646875295241765
56,2020-05-16,0.750444909156983,0.654940797889892
57,2020-05-17,0.713559496047443,0.663667548235467
58,2020-05-18,0.492127182876667,0.67283196893338
59,2020-05-19,0.488121905081673,0.682212593504884
60,2020-05-20,0.671861168143052,0.691594549334227
61,2020-05-21,0.791762464983911,0.700774343176902
62,2020-05-22,0.652922492639065,0.709565411363515
63,2020-05-23,0.613891069127135,0.717802382251417
64,2020-05-24,0.747174650317661,0.725343303375917
65,2020-05-25,0.706701130088712,0.732069930484564
66,2020-05-26,0.51187393654748,0.737895666769886
67,2020-05-27,0.670601402325688,0.742895958587221
68,2020-05-28,1.17253163081397,0.747278763319657
69,2020-05-29,1.09882955126721,0.751271373438236
70,2020-05-30,0.864010024055233,0.755105697598796
71,2020-05-31,0.715098113998147,0.759004827658807
72,2020-06-01,0.5778146754347,0.76317231106088
73,2020-06-02,0.968098548670386,0.767786202417761
74,2020-06-03,0.655349167508219,0.772997638290372
75,2020-06-04,0.59977224361632,0.77893263784533
76,2020-06-05,0.795810456805532,0.78568141824908
77,2020-06-06,0.873668877519834,0.793148670755028
78,2020-06-07,0.655524310026793,0.801109464577554
79,2020-06-08,0.810623636163075,0.809317687520099
80,2020-06-09,0.610456557383718,0.817518562189946
81,2020-06-10,0.859858611274139,0.825462916255739
82,2020-06-11,0.71793472208637,0.832920079463184
83,2020-06-12,0.992203959261976,0.83968668789734
84,2020-06-13,1.12541562776308,0.845591000049052
85,2020-06-14,0.719081428835968,0.850493536894317
86,2020-06-15,0.84752493125734,0.854297533108007
87,2020-06-16,0.855021916180829,0.857044342489846
88,2020-06-17,1.05231211723794,0.858857822167393
89,2020-06-18,0.736245763604483,0.859878747666928
90,2020-06-19,0.910435800275709,0.86025311141159
91,2020-06-20,0.875373992276142,0.860120701023208
92,2020-06-21,1.13308580158326,0.859606619529194
93,2020-06-22,0.779622317935819,0.8588168361623
94,2020-06-23,0.738590807925372,0.857837212377275
95,2020-06-24,0.736386067431423,0.856734852284735
96,2020-06-25,0.940470991453404,0.855586935925609
97,2020-06-26,0.92681020267862,0.854642173312711
98,2020-06-27,0.805264800704658,0.854216899337268
99,2020-06-28,0.96897608307621,0.854615196085733
100,2020-06-29,0.483332995262756,0.856123392287051
101,2020-06-30,0.66077716283239,0.859003725920451
102,2020-07-01,0.655745239910364,0.863491057515902
103,2020-07-02,1.19599908198214,0.869793786137492
104,2020-07-03,1.52020654998133,0.878098070350996
105,2020-07-04,1.10303826313934,0.888573897619543
106,2020-07-05,0.895258886773757,0.901301658370892
107,2020-07-06,0.603016892421566,0.915897849763235
108,2020-07-07,1.07762321196894,0.931781890770312
109,2020-07-08,0.00764891722461395,0.94833191509043
110,2020-07-09,1.67936751135944,0.964908287444313
111,2020-07-10,0.778512854791425,0.980887218164916
112,2020-07-11,0.992005341124613,0.995692213942587
113,2020-07-12,1.07688074493023,1.00881666031265
114,2020-07-13,0.702400819858529,1.01983605940048
115,2020-07-14,0.976066509197994,1.02841129997895
116,2020-07-15,1.23867756628513,1.03430371035801
117,2020-07-16,1.16180338965973,1.03743175161603
118,2020-07-17,1.19462029108814,1.0378022122009
119,2020-07-18,1.16321995780671,1.03547276308025
120,2020-07-19,1.07032628214879,1.03053550780697
121,2020-07-20,0.877757633134012,1.02310221069091
122,2020-07-21,1.36755731263547,1.01329357541095
123,2020-07-22,0.835796444244159,1.00123289414715
124,2020-07-23,1.26724551805682,0.987043160294477
125,2020-07-24,0.969129898643769,0.970846430550826
126,2020-07-25,0.847338782890042,0.953001568168985
127,2020-07-26,0.715564882412269,0.934680947695761
128,2020-07-27,0.94782383341486,0.917145793226913
129,2020-07-28,0.685081694959754,0.901530406151582
130,2020-07-29,0.940719567434955,0.888820761331304
131,2020-07-30,0.882735861931285,0.879849051096058
132,2020-07-31,0.908592867608554,0.875312502934994
133,2020-08-01,0.919571358645804,0.875810644994376
134,2020-08-02,0.772870216905444,0.881891211117993
135,2020-08-03,0.850110615604727,0.894096753734329
136,2020-08-04,0.784750966748685,0.912538889585145
137,2020-08-05,0.974669466757976,0.935968580436848
138,2020-08-06,0.984151011066472,0.962748452443007
139,2020-08-07,1.1907508581573,0.991058087015847
140,2020-08-08,1.38368582408824,1.01894781256074
141,2020-08-09,0.815817246340058,1.04444932027992
142,2020-08-10,0.948708845408202,1.0657059122687
143,2020-08-11,0.887913521021147,1.0810929449843
144,2020-08-12,1.33195215209727,1.08930930531451
145,2020-08-13,1.33130915175386,1.08943317712892
146,2020-08-14,1.36040954450305,1.08148967301391
147,2020-08-15,1.03071516120352,1.067118056924
148,2020-08-16,1.01542687773298,1.04828964020928
149,2020-08-17,0.918038272830281,1.02693455801449
150,2020-08-18,0.795403147880171,1.00477443375589
151,2020-08-19,0.947076494147123,0.983222907766779
152,2020-08-20,0.838902415667924,0.963363940769346
153,2020-08-21,1.10280245382765,0.945985514931433
154,2020-08-22,1.09815440539428,0.931639698450479
155,2020-08-23,0.933699509626363,0.920706027513323
156,2020-08-24,0.677259462566555,0.913287949909382
157,2020-08-25,0.794318325784725,0.909118262499206
158,2020-08-26,0.863129045133472,0.90786599524967
159,2020-08-27,1.2121292060572,0.909191813449816
160,2020-08-28,1.02410099479473,0.9127706498954
161,2020-08-29,0.905625417711481,0.918310343562916
162,2020-08-30,0.911623484707899,0.925562601543549
163,2020-08-31,0.854314364398061,0.934326617511047
164,2020-09-01,0.939538506142908,0.944447396594412
165,2020-09-02,0.804264811038419,0.955808426255688
166,2020-09-03,1.00142358506205,0.968171987055275
167,2020-09-04,1.22258511650756,0.981075418082579
168,2020-09-05,0.797785743145654,0.99403776313242
169,2020-09-06,1.1498418409574,1.00658618871785
170,2020-09-07,0.760349335694062,1.01827263962082
171,2020-09-08,1.37423882796411,1.02869207421039
172,2020-09-09,0.879916177740953,1.03749575970787
173,2020-09-10,1.40469809778524,1.04439766370686
174,2020-09-11,0.919193657171105,1.04917474480308
175,2020-09-12,0.923156528563282,1.05167598943045
176,2020-09-13,1.03837120055872,1.05228684352057
177,2020-09-14,0.998550191051843,1.05205037229906
178,2020-09-15,1.0672490953256,1.05206304074467
179,2020-09-16,0.796488943635566,1.0533911428065
180,2020-09-17,1.19853631620291,1.05702523270082
181,2020-09-18,1.18742234445089,1.06385390304002
182,2020-09-19,1.49419822100474,1.07466368846286
183,2020-09-20,1.51569971274724,1.09015918537017
184,2020-09-21,0.993078083144793,1.11099415707904
185,2020-09-22,0.900895179433443,1.13776253966062
186,2020-09-23,0.823216514722493,1.16994138910722
187,2020-09-24,1.22622352517845,1.20568067952197
188,2020-09-25,0.917485344129662,1.24280592689739
189,2020-09-26,1.14600718978611,1.27892507759421
190,2020-09-27,1.15017955401154,1.31157809299846
191,2020-09-28,1.13787761403339,1.33842575739913
192,2020-09-29,1.77820774658985,1.35742493987032
193,2020-09-30,1.12621869533816,1.36695842059754
194,2020-10-01,1.63142687231341,1.36590703303142
195,2020-10-02,1.9613208229511,1.35374441935837
196,2020-10-03,1.62644217295684,1.33179505256341
197,2020-10-04,1.22114876712024,1.30282908300336
198,2020-10-05,1.08512340553335,1.26962792749398
199,2020-10-06,1.22271087570671,1.23470197201586
200,2020-10-07,1.2960340351298,1.20012008532359
201,2020-10-08,1.66920711624072,1.16745324780638
202,2020-10-09,1.16940768861372,1.13781324493009
203,2020-10-10,1.0787760344722,1.11194114249594
204,2020-10-11,0.894614924502778,1.09030738318271
205,2020-10-12,0.818936942727194,1.07317842503564
206,2020-10-13,0.966688195947552,1.06040347302214
207,2020-10-14,0.735602657677609,1.05156904168052
208,2020-10-15,0.854906249805799,1.04624950999474
209,2020-10-16,1.18360616945073,1.04403704329192
210,2020-10-17,1.4602885501346,1.0445651521307
211,2020-10-18,0.828346816490767,1.04752392002038
212,2020-10-19,0.945514704257119,1.05266551803821
213,2020-10-20,0.790503634328223,1.0598023103751
214,2020-10-21,1.43200091428725,1.06880062573221
215,2020-10-22,1.11427471246835,1.0795784696348
216,2020-10-23,1.11570572194133,1.09215111452811
217,2020-10-24,1.45325455274622,1.10660255202503
218,2020-10-25,1.1420513438864,1.1230463183655
219,2020-10-26,0.657956194341687,1.14161803384419
220,2020-10-27,1.37055796530381,1.16246850453014
221,2020-10-28,1.1217671045533,1.18575867786174
222,2020-10-29,1.82148085595811,1.21165701983639
223,2020-10-30,1.47820728190538,1.24033898455105
224,2020-10-31,1.22912323671868,1.27198794287079
225,2020-11-01,1.39166921706407,1.30666523446541
226,2020-11-02,1.02692395020016,1.3433530482977
227,2020-11-03,0.944469227223,1.38038171186225
228,2020-11-04,0.882935394281871,1.41592160258673
229,2020-11-05,1.25451332375843,1.44808142918806
230,2020-11-06,1.46482234027448,1.47504730588812
231,2020-11-07,1.51066180760486,1.49521587906308
232,2020-11-08,1.76123960010775,1.50729103953841
233,2020-11-09,1.40610248726795,1.51033534857617
234,2020-11-10,1.50839208568838,1.50378097074586
235,2020-11-11,2.14809922234943,1.48764960471254
236,2020-11-12,1.77316147702833,1.46373241708909
237,2020-11-13,1.73482506410384,1.43448143272486
238,2020-11-14,1.62267353351007,1.40223769952072
239,2020-11-15,1.18124992154851,1.36905513115977
240,2020-11-16,1.18465305674865,1.33659069308879
241,2020-11-17,1.4168407618799,1.30608415861083
242,2020-11-18,1.25636383468336,1.27840456713347
243,2020-11-19,1.12127216596798,1.25412742548082
244,2020-11-20,1.35468577162437,1.23361554311767
245,2020-11-21,1.01073025572083,1.21706403589592
246,2020-11-22,1.09869262296579,1.20445667363505
247,2020-11-23,1.01867243248783,1.19569657050359
248,2020-11-24,0.933300548697082,1.19067334691389
249,2020-11-25,1.07521131224965,1.1892846905786
250,2020-11-26,1.30368079751671,1.1914521017446
251,2020-11-27,1.41725036624756,1.19713021020468
252,2020-11-28,1.14473843834061,1.20631090184647
253,2020-11-29,1.28957905264017,1.21902415582724
254,2020-11-30,1.41164181175606,1.23533724681924
