"method","scenario","rel_error","Bias","RMSE","Coverage","CIWidth","rel_error_pct"
"EpiEstim","assumed sd wrong",-0.6,0.00958132654908739,0.146646819410703,0.854382113821138,0.412887763808189,-60
"EpiEstim","assumed sd wrong",-0.4,0.00750700896685254,0.123470764750471,0.912951219512195,0.411277032180572,-40
"EpiEstim","assumed sd wrong",-0.2,0.00670030113300097,0.115499589145267,0.943077235772358,0.410374200642557,-20
"EpiEstim","assumed sd wrong",0,0.00578592936545072,0.113509921012631,0.950298780487805,0.409529961261893,0
"EpiEstim","assumed sd wrong",0.2,0.00439624466219218,0.11413490077923,0.945989837398374,0.408583183956441,20
"EpiEstim","assumed sd wrong",0.4,0.00247207050714958,0.1162025327003,0.934506097560976,0.407493939436441,40
"EpiEstim","assumed sd wrong",0.6,5.54767919422192e-05,0.119259461113655,0.916813008130081,0.406253870616112,60
"EpiEstim","assumed mean wrong",-0.6,-0.0271416498526116,0.334724172406391,0.591702,0.409061415583018,-60
"EpiEstim","assumed mean wrong",-0.4,-0.0141355491548963,0.192519885422626,0.716234939759036,0.406664810799878,-40
"EpiEstim","assumed mean wrong",-0.2,-0.00280772436576604,0.133693720934821,0.857392712550607,0.408323744936383,-20
"EpiEstim","assumed mean wrong",0,0.00578592936545072,0.113509921012631,0.950298780487805,0.409529961261893,0
"EpiEstim","assumed mean wrong",0.2,0.0142794897043682,0.129216290688593,0.87302868852459,0.41190017099909,20
"EpiEstim","assumed mean wrong",0.4,0.0250243269236944,0.165769725232444,0.758199588477366,0.414259224751774,40
"EpiEstim","assumed mean wrong",0.6,0.0335630921316205,0.205419879820888,0.669176348547718,0.417210797280961,60
"EpiLPS (MAP)","assumed sd wrong",-0.6,-0.00236794763592903,0.0731447203031439,0.778654708520179,0.188156907918421,-60
"EpiLPS (MAP)","assumed sd wrong",-0.4,-0.00370643863205131,0.0727443763109346,0.773273542600897,0.183910283507487,-40
"EpiLPS (MAP)","assumed sd wrong",-0.2,-0.0055534231363826,0.0723254543147277,0.764618834080718,0.178278098790576,-20
"EpiLPS (MAP)","assumed sd wrong",0,-0.0078768612563748,0.0720075141430076,0.752600896860987,0.171593184963162,0
"EpiLPS (MAP)","assumed sd wrong",0.2,-0.0105765667240126,0.0719188740680956,0.734887892376682,0.164323880561078,20
"EpiLPS (MAP)","assumed sd wrong",0.4,-0.0134144282243342,0.0721469567883892,0.71322869955157,0.157109607001487,40
"EpiLPS (MAP)","assumed sd wrong",0.6,-0.0161142778708369,0.0726712343715365,0.692421524663677,0.150533421575745,60
"EpiLPS (MAP)","assumed mean wrong",-0.6,-0.00801932161155891,0.119945237158436,0.293139013452915,0.0884229584470917,-60
"EpiLPS (MAP)","assumed mean wrong",-0.4,-0.00851162139252482,0.100789082804445,0.434798206278027,0.110380434460075,-40
"EpiLPS (MAP)","assumed mean wrong",-0.2,-0.00884732409065419,0.0781284828550812,0.634708520179372,0.140909111100092,-20
"EpiLPS (MAP)","assumed mean wrong",0,-0.0078768612563748,0.0720075141430076,0.752600896860987,0.171593184963162,0
"EpiLPS (MAP)","assumed mean wrong",0.2,-0.0056395985968419,0.0899741711464802,0.705067264573991,0.199557073374106,20
"EpiLPS (MAP)","assumed mean wrong",0.4,-0.00220581028343265,0.122663586286595,0.613452914798206,0.224413732516883,40
"EpiLPS (MAP)","assumed mean wrong",0.6,0.00236840170564815,0.162003903203938,0.527040358744395,0.246102031622989,60
"EpiLPS (MALA)","assumed sd wrong",-0.6,-0.00216218347476986,0.0746972353260319,0.853452914798206,0.217985250014332,-60
"EpiLPS (MALA)","assumed sd wrong",-0.4,-0.00352927471722833,0.074445731542891,0.844618834080717,0.212208783504342,-40
"EpiLPS (MALA)","assumed sd wrong",-0.2,-0.00564948990559411,0.0738154972966425,0.842825112107623,0.207021924713981,-20
"EpiLPS (MALA)","assumed sd wrong",0,-0.00785251537734067,0.0732610007157606,0.826008968609866,0.197631698207797,0
"EpiLPS (MALA)","assumed sd wrong",0.2,-0.0106093704682324,0.0728390277529009,0.811479820627803,0.189219688265652,20
"EpiLPS (MALA)","assumed sd wrong",0.4,-0.0137240687576796,0.072902072041955,0.791569506726457,0.180896839610936,40
"EpiLPS (MALA)","assumed sd wrong",0.6,-0.0162983346893582,0.0738929230460974,0.76914798206278,0.172397379532851,60
"EpiLPS (MALA)","assumed mean wrong",-0.6,-0.00819280205986638,0.120225138171905,0.335784753363229,0.10168349967876,-60
"EpiLPS (MALA)","assumed mean wrong",-0.4,-0.0085442066365477,0.10105639246784,0.498744394618834,0.126769141358574,-40
"EpiLPS (MALA)","assumed mean wrong",-0.2,-0.00882025881548002,0.079051282913857,0.708430493273543,0.163307205759307,-20
"EpiLPS (MALA)","assumed mean wrong",0,-0.00785251537734067,0.0732610007157606,0.826008968609866,0.197631698207797,0
"EpiLPS (MALA)","assumed mean wrong",0.2,-0.00549191688344039,0.091554501814658,0.779372197309417,0.229242062292355,20
"EpiLPS (MALA)","assumed mean wrong",0.4,-0.00214896779669691,0.124791911628717,0.67,0.258428629019123,40
"EpiLPS (MALA)","assumed mean wrong",0.6,0.00204254928805386,0.163161005815394,0.578923766816144,0.281829144201943,60
"EpiFilter","assumed sd wrong",-0.6,0.0103699551569507,0.0814639318797553,0.83322869955157,0.231198206278027,-60
"EpiFilter","assumed sd wrong",-0.4,0.00743632286995516,0.0702452781554676,0.897757847533632,0.230689686098655,-40
"EpiFilter","assumed sd wrong",-0.2,0.00473049327354261,0.0646177792801883,0.934394618834081,0.23017264573991,-20
"EpiFilter","assumed sd wrong",0,0.00173049327354261,0.0625650155112207,0.949596412556054,0.229655156950673,0
"EpiFilter","assumed sd wrong",0.2,-0.00154170403587443,0.0631049378722181,0.946681614349776,0.229064125560538,20
"EpiFilter","assumed sd wrong",0.4,-0.0048439461883408,0.065408684164456,0.933677130044843,0.228512556053812,40
"EpiFilter","assumed sd wrong",0.6,-0.00789103139013452,0.0686749345596434,0.916233183856502,0.228015695067265,60
"EpiFilter","assumed mean wrong",-0.6,-0.00385112107623318,0.142492514161019,0.614035874439462,0.229760986547085,-60
"EpiFilter","assumed mean wrong",-0.4,-0.002652466367713,0.114677535811208,0.690896860986547,0.229693273542601,-40
"EpiFilter","assumed mean wrong",-0.2,-0.000792825112107622,0.079181292803571,0.842286995515695,0.229623766816143,-20
"EpiFilter","assumed mean wrong",0,0.00173049327354261,0.0625650155112207,0.949596412556054,0.229655156950673,0
"EpiFilter","assumed mean wrong",0.2,0.00521121076233184,0.0825216645015576,0.832645739910314,0.229750224215247,20
"EpiFilter","assumed mean wrong",0.4,0.00994484304932736,0.12119907279611,0.677533632286995,0.229889686098655,40
"EpiFilter","assumed mean wrong",0.6,0.0156789237668161,0.165124358626034,0.559461883408072,0.230090134529148,60
