"index","true_R"
1,4.64191787087363
2,5.74203517500251
3,3.25043991791259
4,6.73957171964538
5,2.43644767307217
6,1.74500440156755
7,2.62526453391604
8,1.22915300707766
9,2.39912444733293
10,1.19488455941613
11,1.32901937043135
12,1.45964563283974
13,1.71536377425759
14,1.05186283321434
15,1.02513341063733
16,1.25256084138212
17,1.2152968085526
18,0.979262007308338
19,1.02548164174434
20,1.03937017525567
21,1.31708921089394
22,1.01629528374106
23,0.750244244564339
24,0.686827825813118
25,1.09141067495798
26,0.74108150094242
27,0.768558244559202
28,0.75279022252533
29,0.700207559621297
30,0.555254250263291
31,0.584462421312083
32,0.680311568720764
33,0.958980557438332
34,1.26715241572783
35,1.32835101120383
36,0.820531409863083
37,0.605068218099632
38,0.48061136006007
39,0.729684564655972
40,0.815108206288389
41,0.615430120554185
42,0.7716723572992
43,0.638626730193333
44,0.502593853100566
45,0.419338241890262
46,0.532509871825
47,0.748139787723446
48,0.69956822206096
49,0.840598040729289
50,0.60554325949379
51,0.551125264389769
52,0.382393923102511
53,0.67600822687436
54,0.673855515926702
55,0.928599757202953
56,0.750387184163906
57,0.713506443750686
58,0.492090945289708
59,0.488086622314194
60,0.671814423224244
61,0.791713212108865
62,0.652883007093316
63,0.61385111269512
64,0.74711285306125
65,0.706623402762968
66,0.511807017708403
67,0.670522334469821
68,1.17241462294142
69,1.09873791889337
70,0.863932410861542
71,0.715028130529259
72,0.577764438354966
73,0.968013714061152
74,0.655296731928532
75,0.599731609487604
76,0.795766545904808
77,0.873622167427323
78,0.655482440826882
79,0.810569670710955
80,0.610411594391532
81,0.859802485503572
82,0.717893912271731
83,0.992160969972712
84,1.12536119877567
85,0.719045149251176
86,0.847473435579488
87,0.854973302049258
88,1.05225780392596
89,0.736216801220608
90,0.91040746889
91,0.87534575895404
92,1.13304443436225
93,0.779596408911112
94,0.738569675828446
95,0.736364931280663
96,0.940445717920046
97,0.926791760743166
98,0.805248809294182
99,0.968943928916511
100,0.483314411540288
101,0.660754209210677
102,0.65572642436151
103,1.19597238563675
104,1.52016047762218
105,1.1030085210386
106,0.895239451481731
107,0.603003827128156
108,1.07759954005713
109,1.67933972630709
110,0.778502984216349
111,0.991989182530735
112,1.07686506331656
113,0.702387790154813
114,0.976044237490855
115,1.2386571693013
116,1.16178575840714
117,1.19460307270673
118,1.1631999130357
119,1.07031355257977
120,0.877747847801672
121,1.36754433627127
122,0.835785870448611
123,1.2672350602796
124,0.96912547878376
125,0.847337032261578
126,0.715562409302676
127,0.947820201198353
128,0.685080159737144
129,0.940715932502657
130,0.882737793731905
131,0.908595801485553
132,0.91957504082564
133,0.772867637399724
134,0.85010038418266
135,0.784742304497557
136,0.974662005700731
137,0.984149213306856
138,1.19074372582141
139,1.38369717355419
140,0.815809623984031
141,0.948704132009637
142,0.887909591017245
143,1.33194554446529
144,1.33130879278334
145,1.36040798308223
146,1.03071021292377
147,1.01542172209859
148,0.918033733511508
149,0.795399668183425
150,0.94707340630239
151,0.838901742382429
152,1.10279545241581
153,1.09815075967234
154,0.933692374106949
155,0.677255280263044
156,0.794315589671576
157,0.863128942217305
158,1.21212682918176
159,1.02410139695973
160,0.905623732385136
161,0.9116217888269
162,0.854312926973229
163,0.939537145583715
164,0.80426541937565
165,1.00142458710162
166,1.22258752675771
167,0.797785738886173
168,1.14984066668627
169,0.760346365617299
170,1.3742280074719
171,0.879913573057892
172,1.40469565689074
173,0.919193449899109
174,0.923151861958846
175,1.03836327926758
176,0.9985406934674
177,1.06724188250379
178,0.796484699666055
179,1.1985320355335
180,1.18742100745866
181,1.49419527020498
182,1.51569869674153
183,0.993075321330978
184,0.900892693512611
185,0.823216687408857
186,1.22622981286846
187,0.917491231652979
188,1.14601430452239
189,1.15018203934659
190,1.13788009197463
191,1.77821476084602
192,1.12622467540917
193,1.63143870001326
194,1.96133686485764
195,1.62645944263275
196,1.22116224956869
197,1.08513472727433
198,1.22272793926392
199,1.29605177368887
200,1.66923410820015
201,1.1694237090907
202,1.07879296650834
203,0.894627487421358
204,0.81895014827116
205,0.966704879629287
206,0.735615178317886
207,0.854920650119855
208,1.1836252253062
209,1.4603135494891
210,0.828359371463702
211,0.945528169177749
212,0.79051319956122
213,1.43201623771777
214,1.11428897280893
215,1.11572179995221
216,1.45327758905901
217,1.1420673106557
218,0.657966158830962
219,1.3705780170681
220,1.12178323201924
221,1.82150678776182
222,1.47822233790926
223,1.2291381002976
224,1.39168397860736
225,1.02693213453622
226,0.944477107231107
227,0.88294479567521
228,1.2545287150813
229,1.46483936058861
230,1.5106771494413
231,1.76125096519109
232,1.40611418271408
233,1.50840807515769
234,2.14812836507422
235,1.77318978695313
236,1.73485405696823
237,1.62270455030168
238,1.18127386711031
239,1.18467641337506
240,1.41686704734357
241,1.25638994428988
242,1.12129644908568
243,1.35471671225519
244,1.01075153524685
245,1.09871605480815
246,1.01869442350015
247,0.933319674797869
248,1.07523379129616
249,1.30371060738913
250,1.41728039570922
251,1.14476257942982
252,1.28960282315637
253,1.41166776000313
