"dates","I"
2020-03-07,1
2020-03-08,0
2020-03-09,1
2020-03-10,2
2020-03-11,0
2020-03-12,13
2020-03-13,9
2020-03-14,29
2020-03-15,23
2020-03-16,40
2020-03-17,130
2020-03-18,285
2020-03-19,509
2020-03-20,364
2020-03-21,848
2020-03-22,461
2020-03-23,906
2020-03-24,743
2020-03-25,2056
2020-03-26,942
2020-03-27,852
2020-03-28,1617
2020-03-29,906
2020-03-30,2019
2020-03-31,1113
2020-04-01,1348
2020-04-02,1602
2020-04-03,2004
2020-04-04,1291
2020-04-05,1322
2020-04-06,1697
2020-04-07,1707
2020-04-08,1408
2020-04-09,1504
2020-04-10,1551
2020-04-11,1988
2020-04-12,1544
2020-04-13,1150
2020-04-14,1068
2020-04-15,1712
2020-04-16,1153
2020-04-17,1173
2020-04-18,1125
2020-04-19,1021
2020-04-20,786
2020-04-21,799
2020-04-22,891
2020-04-23,1191
2020-04-24,1483
2020-04-25,1474
2020-04-26,884
2020-04-27,654
2020-04-28,530
2020-04-29,812
2020-04-30,890
2020-05-01,643
2020-05-02,765
2020-05-03,601
2020-05-04,450
2020-05-05,358
2020-05-06,432
2020-05-07,570
2020-05-08,494
2020-05-09,549
2020-05-10,369
2020-05-11,318
2020-05-12,211
2020-05-13,357
2020-05-14,336
2020-05-15,432
2020-05-16,325
2020-05-17,291
2020-05-18,192
2020-05-19,184
2020-05-20,244
2020-05-21,273
2020-05-22,211
2020-05-23,186
2020-05-24,214
2020-05-25,192
2020-05-26,132
2020-05-27,165
2020-05-28,275
2020-05-29,244
2020-05-30,183
2020-05-31,148
2020-06-01,119
2020-06-02,199
2020-06-03,132
2020-06-04,117
2020-06-05,150
2020-06-06,158
2020-06-07,113
2020-06-08,134
2020-06-09,97
2020-06-10,132
2020-06-11,106
2020-06-12,141
2020-06-13,154
2020-06-14,95
2020-06-15,110
2020-06-16,110
2020-06-17,134
2020-06-18,92
2020-06-19,112
2020-06-20,106
2020-06-21,135
2020-06-22,91
2020-06-23,85
2020-06-24,84
2020-06-25,106
2020-06-26,102
2020-06-27,86
2020-06-28,101
2020-06-29,49
2020-06-30,66
2020-07-01,64
2020-07-02,113
2020-07-03,137
2020-07-04,95
2020-07-05,76
2020-07-06,52
2020-07-07,96
2020-07-08,0
2020-07-09,150
2020-07-10,67
2020-07-11,82
2020-07-12,87
2020-07-13,56
2020-07-14,78
2020-07-15,99
2020-07-16,92
2020-07-17,94
2020-07-18,92
2020-07-19,86
2020-07-20,72
2020-07-21,115
2020-07-22,71
2020-07-23,109
2020-07-24,84
2020-07-25,74
2020-07-26,63
2020-07-27,84
2020-07-28,60
2020-07-29,81
2020-07-30,74
2020-07-31,74
2020-08-01,73
2020-08-02,60
2020-08-03,65
2020-08-04,59
2020-08-05,72
2020-08-06,71
2020-08-07,84
2020-08-08,96
2020-08-09,56
2020-08-10,66
2020-08-11,63
2020-08-12,96
2020-08-13,96
2020-08-14,98
2020-08-15,75
2020-08-16,76
2020-08-17,71
2020-08-18,63
2020-08-19,76
2020-08-20,67
2020-08-21,87
2020-08-22,85
2020-08-23,71
2020-08-24,51
2020-08-25,60
2020-08-26,65
2020-08-27,90
2020-08-28,74
2020-08-29,64
2020-08-30,64
2020-08-31,60
2020-09-01,66
2020-09-02,56
2020-09-03,69
2020-09-04,83
2020-09-05,53
2020-09-06,76
2020-09-07,50
2020-09-08,91
2020-09-09,58
2020-09-10,93
2020-09-11,61
2020-09-12,62
2020-09-13,71
2020-09-14,69
2020-09-15,74
2020-09-16,55
2020-09-17,83
2020-09-18,82
2020-09-19,103
2020-09-20,105
2020-09-21,70
2020-09-22,66
2020-09-23,63
2020-09-24,97
2020-09-25,73
2020-09-26,91
2020-09-27,91
2020-09-28,90
2020-09-29,142
2020-09-30,91
2020-10-01,136
2020-10-02,171
2020-10-03,149
2020-10-04,119
2020-10-05,114
2020-10-06,138
2020-10-07,154
2020-10-08,205
2020-10-09,147
2020-10-10,140
2020-10-11,121
2020-10-12,115
2020-10-13,139
2020-10-14,106
2020-10-15,122
2020-10-16,166
2020-10-17,200
2020-10-18,111
2020-10-19,127
2020-10-20,108
2020-10-21,199
2020-10-22,155
2020-10-23,155
2020-10-24,204
2020-10-25,163
2020-10-26,96
2020-10-27,207
2020-10-28,173
2020-10-29,284
2020-10-30,233
2020-10-31,199
2020-11-01,237
2020-11-02,185
2020-11-03,179
2020-11-04,174
2020-11-05,253
2020-11-06,297
2020-11-07,306
2020-11-08,361
2020-11-09,298
2020-11-10,338
2020-11-11,515
2020-11-12,454
2020-11-13,477
2020-11-14,485
2020-11-15,385
2020-11-16,419
2020-11-17,536
2020-11-18,498
2020-11-19,460
2020-11-20,574
2020-11-21,441
2020-11-22,493
2020-11-23,469
2020-11-24,438
2020-11-25,511
2020-11-26,623
2020-11-27,678
2020-11-28,551
2020-11-29,634
2020-11-30,717
