"key","scenario","assumed_mean","assumed_sd","grid_value","rel_error","family","moments_correct","correct","family_ref","realised_mean","realised_sd","moment_drift","drift_ok","arm","n_replicates","n_failed","Coverage95","MCSE_Coverage","MeanCIWidth","Bias","MSE","RMSE","half_over_sd","days_bias_exceeds_half","pct_bias_exceeds_half","lag1_mass","max_lag_used","dCoverage_vs_gamma_bin","dWidth_vs_gamma_bin","dRMSE_vs_gamma_bin"
"gamma_discr_7.50_3.40","vary_mean",7.5,3.4,7.5,0,"gamma_discr",TRUE,TRUE,FALSE,7.499184039574,3.42146355684123,0.0214635568412334,TRUE,"smoother",100,0,0.91625,0.00183923522021687,0.388621666666667,0.00578500000000001,0.0123841,0.111283871248263,2.67392143772133,12,5,0.00126612039336641,30,0.000500000000000056,-1.04166666666794e-05,-0.000120927421572783
"gamma_bin_7.50_3.40","vary_mean",7.5,3.4,7.5,0,"gamma_bin",TRUE,FALSE,TRUE,7.49983993502948,3.41055509649589,0.0105550964958852,TRUE,"smoother",100,0,0.91575,0.00184121736067419,0.388632083333333,0.00569791666666667,0.0124110291666667,0.111404798669836,2.6780862420121,13,5.41666666666667,0.00409619790540915,30,0,0,0
"lnorm_7.50_3.40","vary_mean",7.5,3.4,7.5,0,"lnorm",TRUE,FALSE,FALSE,7.49279748523995,3.38373315627216,0.0162668437278439,TRUE,"smoother",100,0,0.916416666666667,0.00180974649587975,0.388737083333333,0.00612750000000001,0.0123862,0.111293306177865,2.65799633220822,8,3.33333333333333,0.00022699498548899,30,0.000666666666666704,0.000105000000000022,-0.000111492491970899
"weibull_7.50_3.40","vary_mean",7.5,3.4,7.5,0,"weibull",TRUE,FALSE,FALSE,7.50993701584945,3.4034755804157,0.00993701584944784,TRUE,"smoother",100,0,0.91425,0.00187855536467173,0.388558333333333,0.00544291666666667,0.0125125208333333,0.111859379728896,2.69338127635475,13,5.41666666666667,0.0158751649316724,30,-0.00149999999999995,-7.37499999999836e-05,0.000454581059060044
"unif_7.50_3.40","vary_mean",7.5,3.4,7.5,0,"unif",TRUE,FALSE,FALSE,7.5,3.4016203054851,0.00162030548510517,TRUE,"smoother",100,0,0.91275,0.00187260883818018,0.38856625,0.00562125000000001,0.0126357958333333,0.112409055833297,2.70242360613226,14,5.83333333333333,0,13,-0.003,-6.58333333333205e-05,0.00100425716346135
"gamma_discr_7.50_3.40","vary_mean",7.5,3.4,7.5,0,"gamma_discr",TRUE,TRUE,FALSE,7.499184039574,3.42146355684123,0.0214635568412334,TRUE,"filter",100,0,0.939875,0.00173497942913702,0.493751666666667,0.00457000000000001,0.0173286083333333,0.131638172022151,2.49625777197796,3,1.25,0.00126612039336641,30,-0.000499999999999945,1.04166666666794e-05,9.13014144974245e-05
"gamma_bin_7.50_3.40","vary_mean",7.5,3.4,7.5,0,"gamma_bin",TRUE,FALSE,TRUE,7.49983993502948,3.41055509649589,0.0105550964958852,TRUE,"filter",100,0,0.940375,0.001744494908554,0.49374125,0.00448291666666667,0.0173045791666667,0.131546870607653,2.50071773308504,3,1.25,0.00409619790540915,30,0,0,0
"lnorm_7.50_3.40","vary_mean",7.5,3.4,7.5,0,"lnorm",TRUE,FALSE,FALSE,7.49279748523995,3.38373315627216,0.0162668437278439,TRUE,"filter",100,0,0.938916666666667,0.00175903551651825,0.493899166666667,0.00488583333333334,0.0174827083333333,0.132222193043881,2.48281988042127,4,1.66666666666667,0.00022699498548899,30,-0.00145833333333334,0.000157916666666646,0.000675322436227754
"weibull_7.50_3.40","vary_mean",7.5,3.4,7.5,0,"weibull",TRUE,FALSE,FALSE,7.50993701584945,3.4034755804157,0.00993701584944784,TRUE,"filter",100,0,0.942166666666667,0.00176705255934133,0.493618333333333,0.00418875,0.0172970958333333,0.131518423931149,2.51650140023071,2,0.833333333333333,0.0158751649316724,30,0.00179166666666675,-0.000122916666666695,-2.84466765045899e-05
"unif_7.50_3.40","vary_mean",7.5,3.4,7.5,0,"unif",TRUE,FALSE,FALSE,7.5,3.4016203054851,0.00162030548510517,TRUE,"filter",100,0,0.937875,0.00179444424899145,0.493717083333333,0.00444000000000001,0.0176464166666667,0.132839815818401,2.51118089292173,2,0.833333333333333,0,13,-0.00249999999999995,-2.41666666666585e-05,0.00129294521074763
