"key","scenario","assumed_mean","assumed_sd","rel_error","grid_value","correct","n_replicates","n_failed","Coverage95","MCSE_Coverage","MeanCIWidth","Bias","MSE","RMSE","family"
"gamma_bin_10.50_3.40","vary_mean",10.5,3.4,0.4,10.5,FALSE,100,0,0.759300411522634,0.00243810782700494,0.417566249857283,0.0243846741205418,0.0276542678321895,0.166295724034593,"gamma_bin"
"gamma_bin_12.00_3.40","vary_mean",12,3.4,0.6,12,FALSE,100,0,0.667933884297521,0.0025845981425558,0.420101945805577,0.0362858939303891,0.0454710215895056,0.213239352816279,"gamma_bin"
"gamma_bin_3.00_3.40","vary_mean",3,3.4,-0.6,3,FALSE,100,0,0.65716,0.00225436591008773,0.410110463883626,-0.0322401759546193,0.112312856063429,0.335131102799232,"gamma_bin"
"gamma_bin_4.50_3.40","vary_mean",4.5,3.4,-0.4,4.5,FALSE,100,0,0.739317269076305,0.00247507264713376,0.409674612112179,-0.0151036496210809,0.0350883913755889,0.187318956263345,"gamma_bin"
"gamma_bin_6.00_3.40","vary_mean",6,3.4,-0.2,6,FALSE,100,0,0.865465587044534,0.00192480771519382,0.411464798765484,-0.00367661355338274,0.0175889823835098,0.132623460909109,"gamma_bin"
"gamma_bin_7.50_1.36","vary_sd",7.5,1.36,-0.6,1.36,FALSE,100,0,0.849715447154472,0.00228018480421661,0.416338778821099,0.00934187401092444,0.0221083884679433,0.148688898267299,"gamma_bin"
"gamma_bin_7.50_2.04","vary_sd",7.5,2.04,-0.4,2.04,FALSE,100,0,0.91239837398374,0.00166394038895439,0.414603539021596,0.00703407751413147,0.01540491211784,0.124116526368731,"gamma_bin"
"gamma_bin_7.50_2.72","vary_sd",7.5,2.72,-0.2,2.72,FALSE,100,0,0.942479674796748,0.00150708055733289,0.413662257731272,0.00617028320991366,0.0134239779062592,0.115861891518563,"gamma_bin"
"gamma_bin_7.50_3.40","vary_sd",7.5,3.4,0,3.4,TRUE,100,0,0.951382113821138,0.0013059866729929,0.41278274593635,0.00518330163621069,0.0129774471183682,0.113918598649949,"gamma_bin"
"gamma_bin_7.50_3.40","vary_mean",7.5,3.4,0,7.5,TRUE,100,0,0.951382113821138,0.0013059866729929,0.41278274593635,0.00518330163621069,0.0129774471183682,0.113918598649949,"gamma_bin"
"gamma_bin_7.50_4.08","vary_sd",7.5,4.08,0.2,4.08,FALSE,100,0,0.94650406504065,0.00131083435543188,0.411818842322517,0.00374380774993308,0.0131355861563964,0.114610584835767,"gamma_bin"
"gamma_bin_7.50_4.76","vary_sd",7.5,4.76,0.4,4.76,FALSE,100,0,0.935,0.00146794145327251,0.41081865022958,0.00199768035408535,0.0136015299130279,0.116625597160434,"gamma_bin"
"gamma_bin_7.50_5.44","vary_sd",7.5,5.44,0.6,5.44,FALSE,100,0,0.920934959349593,0.00169179486081066,0.409883798572325,0.000233493868039633,0.0142511153061481,0.119378035275121,"gamma_bin"
"gamma_bin_9.00_3.40","vary_mean",9,3.4,0.2,9,FALSE,100,0,0.871428571428571,0.00191928380675726,0.414939486434745,0.0157268904991777,0.0177989931687622,0.133412867328314,"gamma_bin"
