"key","scenario","assumed_mean","assumed_sd","grid_value","rel_error","family","moments_correct","correct","family_ref","realised_mean","realised_sd","moment_drift","drift_ok","n_replicates","n_failed_fits","Coverage95","MCSE_Coverage","MeanCIWidth","CoverageHPD95","MCSE_CoverageHPD","MeanHPDWidth","Bias","MSE","RMSE","rho_hat","pct_converged","mean_fit_secs","days_bias_exceeds_half","pct_bias_exceeds_half"
"gamma_bin_3.00_3.40","vary_mean",3,3.4,3,-0.6,"gamma_bin",FALSE,FALSE,FALSE,3.75700300886437,3.41668370768251,0.757003008864374,FALSE,100,0,0.328928571428571,0.00541194600371216,0.114958422725021,0.322063492063492,0.00551149527007235,0.112492645583913,-0.0799663285109971,0.18646336588988,0.431814040866991,10.8348024417567,100,22.0471,177,70.2380952380952
"gamma_bin_4.50_3.40","vary_mean",4.5,3.4,4.5,-0.4,"gamma_bin",FALSE,FALSE,FALSE,4.64247766226413,3.36348551320289,0.14247766226413,TRUE,100,0,0.480239043824701,0.00724658120139352,0.144213199905759,0.471792828685259,0.00745095775716501,0.141037628736,-0.058630262320332,0.0971349315029797,0.311664774241459,10.8456610773729,100,22.07916,NA,NA
"gamma_bin_6.00_3.40","vary_mean",6,3.4,6,-0.2,"gamma_bin",FALSE,FALSE,FALSE,6.0101762804531,3.40319564329874,0.0101762804531003,TRUE,100,0,0.6974,0.00742093680274283,0.186158949784238,0.68896,0.00748550005751861,0.182197089694585,-0.0342969638864503,0.0318861170313186,0.178566841914502,10.8409733592275,100,22.10879,NA,NA
"gamma_bin_7.50_3.40","vary_mean",7.5,3.4,7.5,0,"gamma_bin",TRUE,FALSE,TRUE,7.49983993502948,3.41055509649589,0.0105550964958852,TRUE,100,0,0.827262598782226,0.00589155166675645,0.229262661649248,0.819077438787408,0.00612366367865656,0.224096561966841,-0.0147303698883243,0.0101310416066856,0.100653075495415,10.8291962876509,100,22.05729,NA,NA
"gamma_bin_9.00_3.40","vary_mean",9,3.4,9,0.2,"gamma_bin",FALSE,FALSE,FALSE,8.99962794534134,3.41098012455305,0.0109801245530479,TRUE,100,0,0.817077943451499,0.00675793939933643,0.27040615210594,0.808251703367236,0.00689523397464391,0.26401916488311,0.00441983413254955,0.0196392330164485,0.140140047868011,10.8404046858014,100,22.10725,NA,NA
"gamma_bin_10.50_3.40","vary_mean",10.5,3.4,10.5,0.4,"gamma_bin",FALSE,FALSE,FALSE,10.4995460398632,3.41082584820347,0.0108258482034684,TRUE,100,0,0.734584536253526,0.00915756951252949,0.302240606384351,0.724873237099718,0.00897498209181386,0.295047298859016,0.0135108401823244,0.0287995130880017,0.169704192900475,10.8280603979919,100,22.09473,NA,NA
"gamma_bin_12.00_3.40","vary_mean",12,3.4,12,0.6,"gamma_bin",FALSE,FALSE,FALSE,11.999313053143,3.41026811637252,0.0102681163725231,TRUE,100,0,0.635287728529987,0.00872081452971244,0.333852528543988,0.623727652971733,0.00895847240994975,0.325660241596703,0.029000678550221,0.0633040919161283,0.251603044330009,10.8364310221581,100,22.0849,NA,NA
"gamma_bin_7.50_1.36","vary_sd",7.5,1.36,1.36,-0.6,"gamma_bin",FALSE,FALSE,FALSE,7.50000000230856,1.39029971586713,0.030299715867133,TRUE,100,0,0.844422665481716,0.00526967185785617,0.247458148485724,0.837052434087094,0.00516716553960093,0.241590133841799,-0.00670817313178648,0.0232405594341246,0.15244854684163,10.8283049359833,100,22.36992,NA,NA
"gamma_bin_7.50_2.04","vary_sd",7.5,2.04,2.04,-0.4,"gamma_bin",FALSE,FALSE,FALSE,7.50000000846283,2.06032356790458,0.0203235679045841,TRUE,100,0,0.848744939271255,0.00527102269034917,0.240231170967734,0.841376518218623,0.00534676228200273,0.234693558980716,-0.0116127667701738,0.0114950829605089,0.107215124681683,10.8411342054016,100,22.38126,NA,NA
"gamma_bin_7.50_2.72","vary_sd",7.5,2.72,2.72,-0.2,"gamma_bin",FALSE,FALSE,FALSE,7.49999838514813,2.73525802349106,0.0152580234910635,TRUE,100,0,0.833225806451613,0.00555498662197879,0.237109485133633,0.825,0.00582048645940873,0.231557043061397,-0.00936507941092754,0.0146623145726563,0.121088044713986,10.8393953428794,100,22.11251,NA,NA
"gamma_bin_7.50_3.40","vary_sd",7.5,3.4,3.4,0,"gamma_bin",TRUE,FALSE,TRUE,7.49983993502948,3.41055509649589,0.0105550964958852,TRUE,100,0,0.827262598782226,0.00589155166675645,0.229262661649248,0.819077438787408,0.00612366367865656,0.224096561966841,-0.0147303698883243,0.0101310416066856,0.100653075495415,10.8291962876509,100,22.05729,NA,NA
"gamma_bin_7.50_4.08","vary_sd",7.5,4.08,4.08,0.2,"gamma_bin",FALSE,FALSE,FALSE,7.49844767775654,4.06963333915443,0.0103666608455688,TRUE,100,0,0.808112449799197,0.0062775972477691,0.218794873354439,0.800441767068273,0.00633009040122771,0.213921813129238,-0.0174160263683848,0.0116751225841103,0.108051481174995,10.8238568044433,100,22.02882,NA,NA
"gamma_bin_7.50_4.76","vary_sd",7.5,4.76,4.76,0.4,"gamma_bin",FALSE,FALSE,FALSE,7.49406617301023,4.67559830140314,0.0844016985968628,TRUE,100,0,0.787459116465863,0.00631087880731124,0.209358656889911,0.779349718875502,0.00659225538766323,0.204766022165294,-0.022930026316384,0.0137353843823046,0.117198056222382,10.8312144934639,100,22.04318,NA,NA
"gamma_bin_7.50_5.44","vary_sd",7.5,5.44,5.44,0.6,"gamma_bin",FALSE,FALSE,FALSE,7.48611354056791,5.19697262640572,0.24302737359428,TRUE,100,0,0.75668,0.00643049678398869,0.202585303206873,0.7498,0.00655922513285177,0.198265005875977,-0.028659671685428,0.0179206124400032,0.133867891744074,10.8218199049405,100,22.01605,NA,NA
